COUNTRY,CRITERIA,Business Unit,CODE,Name,From Warehouse,FROM BUSINESS UNIT,FROM LEGAL ENTITY,To Warehouse,To Business Unit,TO LEGAL ENTITY,SUPPLIER
UAE,ACRYLIC SECTIONDelivery Dispatch Area,ACRYLIC SECTION,1001,1001 ACRYLIC SECTION TO Delivery Dispatch Area,Creator Workshop Section WH,ACRYLIC SECTION,CHOCOLALA FACTORY LLC (ONE PERSON),Delivery Dispatch Area WH,Delivery Dispatch Area,CHOCOLALA FACTORY LLC (ONE PERSON),CHOCOLALA FACTORY LLC (ONE PERSON)
UAE,ACRYLIC SECTIONFinished Goods Store,ACRYLIC SECTION,1002,1002 ACRYLIC SECTION TO Finished Goods Store,Creator Workshop Section WH,ACRYLIC SECTION,CHOCOLALA FACTORY LLC (ONE PERSON),Finished Goods Store WH,Finished Goods Store,CHOCOLALA FACTORY LLC (ONE PERSON),CHOCOLALA FACTORY LLC (ONE PERSON)
UAE,ACRYLIC SECTIONHEAD OFFICE,ACRYLIC SECTION,1003,1003 ACRYLIC SECTION TO HEAD OFFICE,Creator Workshop Section WH,ACRYLIC SECTION,CHOCOLALA FACTORY LLC (ONE PERSON),Head Office Main,HEAD OFFICE,CHOCOLALA FACTORY LLC (ONE PERSON),CHOCOLALA FACTORY LLC (ONE PERSON)
UAE,ACRYLIC SECTIONRAW MATERIAL STORE,ACRYLIC SECTION,1006,1006 ACRYLIC SECTION TO RAW MATERIAL STORE,Creator Workshop Section WH,ACRYLIC SECTION,CHOCOLALA FACTORY LLC (ONE PERSON),Raw Material Store WH,RAW MATERIAL STORE,CHOCOLALA FACTORY LLC (ONE PERSON),CHOCOLALA FACTORY LLC (ONE PERSON)
UAE,ACRYLIC SECTIONWORKSHOP,ACRYLIC SECTION,1556,1556 CWS to WS,Creator Workshop Section WH,ACRYLIC SECTION,CHOCOLALA FACTORY LLC (ONE PERSON),Workshop WH,WORKSHOP,CHOCOLALA FACTORY LLC (ONE PERSON),CHOCOLALA FACTORY LLC (ONE PERSON)
UAE,ACRYLIC SECTIONPRODUCTION,ACRYLIC SECTION,1555,1555 CWS to FRA,Creator Workshop Section WH,ACRYLIC SECTION,CHOCOLALA FACTORY LLC (ONE PERSON),Factory Receiving Area,PRODUCTION,CHOCOLALA FACTORY LLC (ONE PERSON),CHOCOLALA FACTORY LLC (ONE PERSON)
UAE,Chocola Pure Al HamraChocola Pure Corniche,Chocola Pure Al Hamra,1718,1718 P HAMRAH TO P CORNICHE,Chocola Pure Al Hamra WH,Chocola Pure Al Hamra,Chocola Pure LLC. One Person,Chocola Pure Corniche WH,Chocola Pure Corniche,Chocola Pure LLC. One Person,Chocola Pure LLC. One Person - 46697
UAE,Chocola Pure Al WarqaChocola Pure Al Zahiya,Chocola Pure Al Warqa,1737,1737 PURE AL WARQA TO PURE AL ZAHIYA,Chocola Pure Al Warqa WH,Chocola Pure Al Warqa,Chocola Pure - Sole Proprietorship LLC,Chocola Pure Al Zahiya WH,Chocola Pure Al Zahiya,Chocola Pure - Sole Proprietorship LLC,Chocola Pure - Sole Proprietorship LLC - CN-2865838
UAE,Chocola Pure Al WarqaChocola Pure Barsha,Chocola Pure Al Warqa,1746,1746 P WARQA TO P BARSHA,Chocola Pure Al Warqa WH,Chocola Pure Al Warqa,Chocola Pure - Sole Proprietorship LLC,Chocola Pure Barsha WH,Chocola Pure Barsha,Chocola Pure - Sole Proprietorship LLC,Chocola Pure - Sole Proprietorship LLC - CN-2865838
UAE,Chocola Pure Al WarqaChocola Pure Dibba,Chocola Pure Al Warqa,1747,1747 P WARQA TO P DIBBA,Chocola Pure Al Warqa WH,Chocola Pure Al Warqa,Chocola Pure - Sole Proprietorship LLC,Chocola Pure Dibba WH,Chocola Pure Dibba,Chocola Pure - Sole Proprietorship LLC,Chocola Pure - Sole Proprietorship LLC - CN-2865838
UAE,Chocola Pure Al WarqaChocola Pure Ethihad,Chocola Pure Al Warqa,1748,1748 P WARQA TO P ETIHAD,Chocola Pure Al Warqa WH,Chocola Pure Al Warqa,Chocola Pure - Sole Proprietorship LLC,Chocola Pure Ethihad WH,Chocola Pure Ethihad,Chocola Pure - Sole Proprietorship LLC,Chocola Pure - Sole Proprietorship LLC - CN-2865838
UAE,Chocola Pure Al WarqaChocola Pure Forsan,Chocola Pure Al Warqa,1702,1702 P Al Warqa to C Pure Forsan,Chocola Pure Al Warqa WH,Chocola Pure Al Warqa,Chocola Pure - Sole Proprietorship LLC,Chocola Pure Forsan WH,Chocola Pure Forsan,Chocola Pure - Sole Proprietorship LLC,Chocola Pure - Sole Proprietorship LLC - CN-2865838
UAE,Chocola Pure Al WarqaChocola Pure Muroor,Chocola Pure Al Warqa,1451,1451 Chocola Pure Al Warqa TO Chocola Pure Muroor,Chocola Pure Al Warqa WH,Chocola Pure Al Warqa,Chocola Pure - Sole Proprietorship LLC,Chocola Pure Muroor WH,Chocola Pure Muroor,Chocola Pure - Sole Proprietorship LLC,Chocola Pure - Sole Proprietorship LLC - CN-2865838
UAE,Chocola Pure Al WarqaChocola Pure Nad Al Hamar,Chocola Pure Al Warqa,1703,1703 P Al Warqa to P Nad Al Hamar,Chocola Pure Al Warqa WH,Chocola Pure Al Warqa,Chocola Pure - Sole Proprietorship LLC,Chocola Pure Nad Al Hamar WH,Chocola Pure Nad Al Hamar,Chocola Pure - Sole Proprietorship LLC,Chocola Pure - Sole Proprietorship LLC - CN-2865838
UAE,Chocola Pure Al ZahiyaChocola Pure Al Warqa,Chocola Pure Al Zahiya,1750,1750 P ZAHIYA TO P AL WARQA,Chocola Pure Al Zahiya WH,Chocola Pure Al Zahiya,Chocola Pure - Sole Proprietorship LLC,Chocola Pure Al Warqa WH,Chocola Pure Al Warqa,Chocola Pure - Sole Proprietorship LLC,Chocola Pure - Sole Proprietorship LLC - CN-2865838
UAE,Chocola Pure Al ZahiyaChocola Pure Barsha,Chocola Pure Al Zahiya,1749,1749 P ZAHIA TO P BARSHA,Chocola Pure Al Zahiya WH,Chocola Pure Al Zahiya,Chocola Pure - Sole Proprietorship LLC,Chocola Pure Barsha WH,Chocola Pure Barsha,Chocola Pure - Sole Proprietorship LLC,Chocola Pure - Sole Proprietorship LLC - CN-2865838
UAE,Chocola Pure Al ZahiyaChocola Pure Dibba,Chocola Pure Al Zahiya,1452,1452 Chocola Pure Al Zahiya TO Chocola Pure Dibba,Chocola Pure Al Zahiya WH,Chocola Pure Al Zahiya,Chocola Pure - Sole Proprietorship LLC,Chocola Pure Dibba WH,Chocola Pure Dibba,Chocola Pure - Sole Proprietorship LLC,Chocola Pure - Sole Proprietorship LLC - CN-2865838
UAE,Chocola Pure Al ZahiyaChocola Pure Ethihad,Chocola Pure Al Zahiya,1751,1751 P ZAHYA TO P ETHIHAD,Chocola Pure Al Zahiya WH,Chocola Pure Al Zahiya,Chocola Pure - Sole Proprietorship LLC,Chocola Pure Ethihad WH,Chocola Pure Ethihad,Chocola Pure - Sole Proprietorship LLC,Chocola Pure - Sole Proprietorship LLC - CN-2865838
UAE,Chocola Pure Al ZahiyaChocola Pure Forsan,Chocola Pure Al Zahiya,1520,1520 C Pure Al Zahiya to C Pure Forsan,Chocola Pure Al Zahiya WH,Chocola Pure Al Zahiya,Chocola Pure - Sole Proprietorship LLC,Chocola Pure Forsan WH,Chocola Pure Forsan,Chocola Pure - Sole Proprietorship LLC,Chocola Pure - Sole Proprietorship LLC - CN-2865838
UAE,Chocola Pure Al ZahiyaChocola Pure Muroor,Chocola Pure Al Zahiya,1453,1453 Chocola Pure Al Zahiya TO Chocola Pure Muroor,Chocola Pure Al Zahiya WH,Chocola Pure Al Zahiya,Chocola Pure - Sole Proprietorship LLC,Chocola Pure Muroor WH,Chocola Pure Muroor,Chocola Pure - Sole Proprietorship LLC,Chocola Pure - Sole Proprietorship LLC - CN-2865838
UAE,Chocola Pure Al ZahiyaChocola Pure Nad Al Hamar,Chocola Pure Al Zahiya,1704,1704 P Al Zahiya to P Nad Al Hamar,Chocola Pure Al Zahiya WH,Chocola Pure Al Zahiya,Chocola Pure - Sole Proprietorship LLC,Chocola Pure Nad Al Hamar WH,Chocola Pure Nad Al Hamar,Chocola Pure - Sole Proprietorship LLC,Chocola Pure - Sole Proprietorship LLC - CN-2865838
UAE,Chocola Pure BarshaChocola Pure Al Warqa,Chocola Pure Barsha,1708,1708 P BARSHA TO P WARQA,Chocola Pure Barsha WH,Chocola Pure Barsha,Chocola Pure - Sole Proprietorship LLC,Chocola Pure Al Warqa WH,Chocola Pure Al Warqa,Chocola Pure - Sole Proprietorship LLC,Chocola Pure - Sole Proprietorship LLC - CN-2865838
UAE,Chocola Pure BarshaChocola Pure Al Zahiya,Chocola Pure Barsha,1454,1454 Chocola Pure Barsha TO Chocola Pure Al Zahiya,Chocola Pure Barsha WH,Chocola Pure Barsha,Chocola Pure - Sole Proprietorship LLC,Chocola Pure Al Zahiya WH,Chocola Pure Al Zahiya,Chocola Pure - Sole Proprietorship LLC,Chocola Pure - Sole Proprietorship LLC - CN-2865838
UAE,Chocola Pure BarshaChocola Pure Dibba,Chocola Pure Barsha,1455,1455 Chocola Pure Barsha TO Chocola Pure Dibba,Chocola Pure Barsha WH,Chocola Pure Barsha,Chocola Pure - Sole Proprietorship LLC,Chocola Pure Dibba WH,Chocola Pure Dibba,Chocola Pure - Sole Proprietorship LLC,Chocola Pure - Sole Proprietorship LLC - CN-2865838
UAE,Chocola Pure BarshaChocola Pure Ethihad,Chocola Pure Barsha,1705,1705 P BARSHA TO P ETHIHAD,Chocola Pure Barsha WH,Chocola Pure Barsha,Chocola Pure - Sole Proprietorship LLC,Chocola Pure Ethihad WH,Chocola Pure Ethihad,Chocola Pure - Sole Proprietorship LLC,Chocola Pure - Sole Proprietorship LLC - CN-2865838
UAE,Chocola Pure BarshaChocola Pure Forsan,Chocola Pure Barsha,1706,1706 P BARSHA TO P FORSAN,Chocola Pure Barsha WH,Chocola Pure Barsha,Chocola Pure - Sole Proprietorship LLC,Chocola Pure Forsan WH,Chocola Pure Forsan,Chocola Pure - Sole Proprietorship LLC,Chocola Pure - Sole Proprietorship LLC - CN-2865838
UAE,Chocola Pure BarshaChocola Pure Muroor,Chocola Pure Barsha,1707,1707 P Barsha to P Muroor,Chocola Pure Barsha WH,Chocola Pure Barsha,Chocola Pure - Sole Proprietorship LLC,Chocola Pure Muroor WH,Chocola Pure Muroor,Chocola Pure - Sole Proprietorship LLC,Chocola Pure - Sole Proprietorship LLC - CN-2865838
UAE,Chocola Pure BarshaChocola Pure Nad Al Hamar,Chocola Pure Barsha,1456,1456 Chocola Pure Barsha TO Chocola Pure Nad Al Hamar,Chocola Pure Barsha WH,Chocola Pure Barsha,Chocola Pure - Sole Proprietorship LLC,Chocola Pure Nad Al Hamar WH,Chocola Pure Nad Al Hamar,Chocola Pure - Sole Proprietorship LLC,Chocola Pure - Sole Proprietorship LLC - CN-2865838
UAE,Chocola Pure CornicheChocola Pure Al Hamra,Chocola Pure Corniche,1728,1728 P RAK TO P AL HAMRAH,Chocola Pure Corniche WH,Chocola Pure Corniche,Chocola Pure LLC. One Person,Chocola Pure Al Hamra WH,Chocola Pure Al Hamra,Chocola Pure LLC. One Person,Chocola Pure LLC. One Person - 46697
UAE,Chocola Pure DibbaChocola Pure Al Warqa,Chocola Pure Dibba,1738,1738 Pure Dibba to Pure Al Warqa,Chocola Pure Dibba WH,Chocola Pure Dibba,Chocola Pure - Sole Proprietorship LLC,Chocola Pure Al Warqa WH,Chocola Pure Al Warqa,Chocola Pure - Sole Proprietorship LLC,Chocola Pure - Sole Proprietorship LLC - CN-2865838
UAE,Chocola Pure DibbaChocola Pure Al Zahiya,Chocola Pure Dibba,1711,1711 P DIBBA TO P ZAHIA,Chocola Pure Dibba WH,Chocola Pure Dibba,Chocola Pure - Sole Proprietorship LLC,Chocola Pure Al Zahiya WH,Chocola Pure Al Zahiya,Chocola Pure - Sole Proprietorship LLC,Chocola Pure - Sole Proprietorship LLC - CN-2865838
UAE,Chocola Pure DibbaChocola Pure Barsha,Chocola Pure Dibba,1709,1709 P DIBBA P BARSHA,Chocola Pure Dibba WH,Chocola Pure Dibba,Chocola Pure - Sole Proprietorship LLC,Chocola Pure Barsha WH,Chocola Pure Barsha,Chocola Pure - Sole Proprietorship LLC,Chocola Pure - Sole Proprietorship LLC - CN-2865838
UAE,Chocola Pure DibbaChocola Pure Ethihad,Chocola Pure Dibba,1739,1739 PURE DIBBA TO PURE ETHIHAD,Chocola Pure Dibba WH,Chocola Pure Dibba,Chocola Pure - Sole Proprietorship LLC,Chocola Pure Ethihad WH,Chocola Pure Ethihad,Chocola Pure - Sole Proprietorship LLC,Chocola Pure - Sole Proprietorship LLC - CN-2865838
UAE,Chocola Pure DibbaChocola Pure Forsan,Chocola Pure Dibba,1740,1740 Pure Dibba to Pure Forsan,Chocola Pure Dibba WH,Chocola Pure Dibba,Chocola Pure - Sole Proprietorship LLC,Chocola Pure Forsan WH,Chocola Pure Forsan,Chocola Pure - Sole Proprietorship LLC,Chocola Pure - Sole Proprietorship LLC - CN-2865838
UAE,Chocola Pure DibbaChocola Pure Muroor,Chocola Pure Dibba,1710,1710 P DIBBA TO P MUROOR,Chocola Pure Dibba WH,Chocola Pure Dibba,Chocola Pure - Sole Proprietorship LLC,Chocola Pure Muroor WH,Chocola Pure Muroor,Chocola Pure - Sole Proprietorship LLC,Chocola Pure - Sole Proprietorship LLC - CN-2865838
UAE,Chocola Pure DibbaChocola Pure Nad Al Hamar,Chocola Pure Dibba,1741,1741 Pure Dibba to Pure Nad Al Hamar,Chocola Pure Dibba WH,Chocola Pure Dibba,Chocola Pure - Sole Proprietorship LLC,Chocola Pure Nad Al Hamar WH,Chocola Pure Nad Al Hamar,Chocola Pure - Sole Proprietorship LLC,Chocola Pure - Sole Proprietorship LLC - CN-2865838
UAE,Chocola Pure EthihadChocola Pure Al Warqa,Chocola Pure Ethihad,1713,1713 P Etihad to P Al Warqa Mall,Chocola Pure Ethihad WH,Chocola Pure Ethihad,Chocola Pure - Sole Proprietorship LLC,Chocola Pure Al Warqa WH,Chocola Pure Al Warqa,Chocola Pure - Sole Proprietorship LLC,Chocola Pure - Sole Proprietorship LLC - CN-2865838
UAE,Chocola Pure EthihadChocola Pure Al Zahiya,Chocola Pure Ethihad,1714,1714 P ETIHAD TO P ZAHYA,Chocola Pure Ethihad WH,Chocola Pure Ethihad,Chocola Pure - Sole Proprietorship LLC,Chocola Pure Al Zahiya WH,Chocola Pure Al Zahiya,Chocola Pure - Sole Proprietorship LLC,Chocola Pure - Sole Proprietorship LLC - CN-2865838
UAE,Chocola Pure EthihadChocola Pure Barsha,Chocola Pure Ethihad,1712,1712 P ETHIHAD TO P BARSHA,Chocola Pure Ethihad WH,Chocola Pure Ethihad,Chocola Pure - Sole Proprietorship LLC,Chocola Pure Barsha WH,Chocola Pure Barsha,Chocola Pure - Sole Proprietorship LLC,Chocola Pure - Sole Proprietorship LLC - CN-2865838
UAE,Chocola Pure EthihadChocola Pure Dibba,Chocola Pure Ethihad,1457,1457 Chocola Pure Ethihad TO Chocola Pure Dibba,Chocola Pure Ethihad WH,Chocola Pure Ethihad,Chocola Pure - Sole Proprietorship LLC,Chocola Pure Dibba WH,Chocola Pure Dibba,Chocola Pure - Sole Proprietorship LLC,Chocola Pure - Sole Proprietorship LLC - CN-2865838
UAE,Chocola Pure EthihadChocola Pure Forsan,Chocola Pure Ethihad,1742,1742 Pure Ethihad to Pure Forsan,Chocola Pure Ethihad WH,Chocola Pure Ethihad,Chocola Pure - Sole Proprietorship LLC,Chocola Pure Forsan WH,Chocola Pure Forsan,Chocola Pure - Sole Proprietorship LLC,Chocola Pure - Sole Proprietorship LLC - CN-2865838
UAE,Chocola Pure EthihadChocola Pure Nad Al Hamar,Chocola Pure Ethihad,1743,1743 Pure Ethihad to Pure Nad Al Hamar,Chocola Pure Ethihad WH,Chocola Pure Ethihad,Chocola Pure - Sole Proprietorship LLC,Chocola Pure Nad Al Hamar WH,Chocola Pure Nad Al Hamar,Chocola Pure - Sole Proprietorship LLC,Chocola Pure - Sole Proprietorship LLC - CN-2865838
UAE,Chocola Pure ForsanChocola Pure Al Warqa,Chocola Pure Forsan,1744,1744 Pure Forsan to Pure Al Warqa,Chocola Pure Forsan WH,Chocola Pure Forsan,Chocola Pure - Sole Proprietorship LLC,Chocola Pure Al Warqa WH,Chocola Pure Al Warqa,Chocola Pure - Sole Proprietorship LLC,Chocola Pure - Sole Proprietorship LLC - CN-2865838
UAE,Chocola Pure ForsanChocola Pure Al Zahiya,Chocola Pure Forsan,1459,1459 Chocola Pure Forsan TO Chocola Pure Al Zahiya,Chocola Pure Forsan WH,Chocola Pure Forsan,Chocola Pure - Sole Proprietorship LLC,Chocola Pure Al Zahiya WH,Chocola Pure Al Zahiya,Chocola Pure - Sole Proprietorship LLC,Chocola Pure - Sole Proprietorship LLC - CN-2865838
UAE,Chocola Pure ForsanChocola Pure Barsha,Chocola Pure Forsan,1715,1715 P FORSAN TO P BARSHA,Chocola Pure Forsan WH,Chocola Pure Forsan,Chocola Pure - Sole Proprietorship LLC,Chocola Pure Barsha WH,Chocola Pure Barsha,Chocola Pure - Sole Proprietorship LLC,Chocola Pure - Sole Proprietorship LLC - CN-2865838
UAE,Chocola Pure ForsanChocola Pure Dibba,Chocola Pure Forsan,1460,1460 Chocola Pure Forsan TO Chocola Pure Dibba,Chocola Pure Forsan WH,Chocola Pure Forsan,Chocola Pure - Sole Proprietorship LLC,Chocola Pure Dibba WH,Chocola Pure Dibba,Chocola Pure - Sole Proprietorship LLC,Chocola Pure - Sole Proprietorship LLC - CN-2865838
UAE,Chocola Pure ForsanChocola Pure Ethihad,Chocola Pure Forsan,1716,1716 P FORSAN TO P ETHIHAD,Chocola Pure Forsan WH,Chocola Pure Forsan,Chocola Pure - Sole Proprietorship LLC,Chocola Pure Ethihad WH,Chocola Pure Ethihad,Chocola Pure - Sole Proprietorship LLC,Chocola Pure - Sole Proprietorship LLC - CN-2865838
UAE,Chocola Pure ForsanChocola Pure Muroor,Chocola Pure Forsan,1717,1717 P FORSAN TO P MUROOR,Chocola Pure Forsan WH,Chocola Pure Forsan,Chocola Pure - Sole Proprietorship LLC,Chocola Pure Muroor WH,Chocola Pure Muroor,Chocola Pure - Sole Proprietorship LLC,Chocola Pure - Sole Proprietorship LLC - CN-2865838
UAE,Chocola Pure ForsanChocola Pure Nad Al Hamar,Chocola Pure Forsan,1461,1461 Chocola Pure Forsan TO Chocola Pure Nad Al Hamar,Chocola Pure Forsan WH,Chocola Pure Forsan,Chocola Pure - Sole Proprietorship LLC,Chocola Pure Nad Al Hamar WH,Chocola Pure Nad Al Hamar,Chocola Pure - Sole Proprietorship LLC,Chocola Pure - Sole Proprietorship LLC - CN-2865838
UAE,Chocola Pure MuroorChocola Pure Al Warqa,Chocola Pure Muroor,1745,1745 Pure Muroor to Pure Al Warqa,Chocola Pure Muroor WH,Chocola Pure Muroor,Chocola Pure - Sole Proprietorship LLC,Chocola Pure Al Warqa WH,Chocola Pure Al Warqa,Chocola Pure - Sole Proprietorship LLC,Chocola Pure - Sole Proprietorship LLC - CN-2865838
UAE,Chocola Pure MuroorChocola Pure Al Zahiya,Chocola Pure Muroor,1462,1462 Chocola Pure Muroor TO Chocola Pure Al Zahiya,Chocola Pure Muroor WH,Chocola Pure Muroor,Chocola Pure - Sole Proprietorship LLC,Chocola Pure Al Zahiya WH,Chocola Pure Al Zahiya,Chocola Pure - Sole Proprietorship LLC,Chocola Pure - Sole Proprietorship LLC - CN-2865838
UAE,Chocola Pure MuroorChocola Pure Barsha,Chocola Pure Muroor,1719,1719 P MUROOR TO P BARSHA MALL,Chocola Pure Muroor WH,Chocola Pure Muroor,Chocola Pure - Sole Proprietorship LLC,Chocola Pure Barsha WH,Chocola Pure Barsha,Chocola Pure - Sole Proprietorship LLC,Chocola Pure - Sole Proprietorship LLC - CN-2865838
UAE,Chocola Pure MuroorChocola Pure Dibba,Chocola Pure Muroor,1720,1720 P MUROOR TO P DIBBA,Chocola Pure Muroor WH,Chocola Pure Muroor,Chocola Pure - Sole Proprietorship LLC,Chocola Pure Dibba WH,Chocola Pure Dibba,Chocola Pure - Sole Proprietorship LLC,Chocola Pure - Sole Proprietorship LLC - CN-2865838
UAE,Chocola Pure MuroorChocola Pure Forsan,Chocola Pure Muroor,1722,1722 P MUROOR TO P FORSAN,Chocola Pure Muroor WH,Chocola Pure Muroor,Chocola Pure - Sole Proprietorship LLC,Chocola Pure Forsan WH,Chocola Pure Forsan,Chocola Pure - Sole Proprietorship LLC,Chocola Pure - Sole Proprietorship LLC - CN-2865838
UAE,Chocola Pure MuroorChocola Pure Nad Al Hamar,Chocola Pure Muroor,1463,1463 Chocola Pure Muroor TO Chocola Pure Nad Al Hamar,Chocola Pure Muroor WH,Chocola Pure Muroor,Chocola Pure - Sole Proprietorship LLC,Chocola Pure Nad Al Hamar WH,Chocola Pure Nad Al Hamar,Chocola Pure - Sole Proprietorship LLC,Chocola Pure - Sole Proprietorship LLC - CN-2865838
UAE,Chocola Pure Nad Al HamarChocola Pure Al Warqa,Chocola Pure Nad Al Hamar,1723,1723 P NAD AL HAMAR TO P AL WARQA,Chocola Pure Nad Al Hamar WH,Chocola Pure Nad Al Hamar,Chocola Pure - Sole Proprietorship LLC,Chocola Pure Al Warqa WH,Chocola Pure Al Warqa,Chocola Pure - Sole Proprietorship LLC,Chocola Pure - Sole Proprietorship LLC - CN-2865838
UAE,Chocola Pure Nad Al HamarChocola Pure Al Zahiya,Chocola Pure Nad Al Hamar,1727,1727 P NAD AL HAMAR TO P ZAHIA,Chocola Pure Nad Al Hamar WH,Chocola Pure Nad Al Hamar,Chocola Pure - Sole Proprietorship LLC,Chocola Pure Al Zahiya WH,Chocola Pure Al Zahiya,Chocola Pure - Sole Proprietorship LLC,Chocola Pure - Sole Proprietorship LLC - CN-2865838
UAE,Chocola Pure Nad Al HamarChocola Pure Barsha,Chocola Pure Nad Al Hamar,1724,1724 P NAD AL HAMAR TO P BARSHA,Chocola Pure Nad Al Hamar WH,Chocola Pure Nad Al Hamar,Chocola Pure - Sole Proprietorship LLC,Chocola Pure Barsha WH,Chocola Pure Barsha,Chocola Pure - Sole Proprietorship LLC,Chocola Pure - Sole Proprietorship LLC - CN-2865838
UAE,Chocola Pure Nad Al HamarChocola Pure Dibba,Chocola Pure Nad Al Hamar,1725,1725 P NAD AL HAMAR TO P DIBBA,Chocola Pure Nad Al Hamar WH,Chocola Pure Nad Al Hamar,Chocola Pure - Sole Proprietorship LLC,Chocola Pure Dibba WH,Chocola Pure Dibba,Chocola Pure - Sole Proprietorship LLC,Chocola Pure - Sole Proprietorship LLC - CN-2865838
UAE,Chocola Pure Nad Al HamarChocola Pure Ethihad,Chocola Pure Nad Al Hamar,1726,1726 P NAD AL HAMAR TO P ETIHAD,Chocola Pure Nad Al Hamar WH,Chocola Pure Nad Al Hamar,Chocola Pure - Sole Proprietorship LLC,Chocola Pure Ethihad WH,Chocola Pure Ethihad,Chocola Pure - Sole Proprietorship LLC,Chocola Pure - Sole Proprietorship LLC - CN-2865838
UAE,Chocola Pure Nad Al HamarChocola Pure Forsan,Chocola Pure Nad Al Hamar,1464,1464 Chocola Pure Nad Al Hamar TO Chocola Pure Forsan,Chocola Pure Nad Al Hamar WH,Chocola Pure Nad Al Hamar,Chocola Pure - Sole Proprietorship LLC,Chocola Pure Forsan WH,Chocola Pure Forsan,Chocola Pure - Sole Proprietorship LLC,Chocola Pure - Sole Proprietorship LLC - CN-2865838
UAE,Chocola Pure Nad Al HamarChocola Pure Muroor,Chocola Pure Nad Al Hamar,1465,1465 Chocola Pure Nad Al Hamar TO Chocola Pure Muroor,Chocola Pure Nad Al Hamar WH,Chocola Pure Nad Al Hamar,Chocola Pure - Sole Proprietorship LLC,Chocola Pure Muroor WH,Chocola Pure Muroor,Chocola Pure - Sole Proprietorship LLC,Chocola Pure - Sole Proprietorship LLC - CN-2865838
UAE,Chocolala Ajman 2Chocolala Ajman City Center,Chocolala Ajman 2,1111,1111 C AJMAN 2 TO C AJMAN,Ajman 2 WH,Chocolala Ajman 2,Chocolala LLC 643223,Chocolala Ajman City Center WH,Chocolala Ajman City Center,Chocolala LLC,Chocolala LLC - 643223
UAE,Chocolala Ajman 2Chocolala Al Ain- 2,Chocolala Ajman 2,1233,1233 Chocolala Ajman 2 TO Chocolala Al Ain- 2,Ajman 2 WH,Chocolala Ajman 2,Chocolala LLC 643223,Chocolala Al Ain- 2 WH,Chocolala Al Ain- 2,Chocolala LLC,Chocolala LLC - 643223
UAE,Chocolala Ajman 2Chocolala Al Ain- 3,Chocolala Ajman 2,1234,1234 Chocolala Ajman 2 TO Chocolala Al Ain- 3,Ajman 2 WH,Chocolala Ajman 2,Chocolala LLC 643223,Chocolala Al Ain- 3 WH,Chocolala Al Ain- 3,Chocolala LLC,Chocolala LLC - 643223
UAE,Chocolala Ajman 2Chocolala Al Warqa DXB,Chocolala Ajman 2,1110,1110 C AJMAN 2 C WARQA,Ajman 2 WH,Chocolala Ajman 2,Chocolala LLC 643223,Chocolala Al Warqa DXB WH,Chocolala Al Warqa DXB,Chocolala LLC,Chocolala LLC - 643223
UAE,Chocolala Ajman 2Chocolala Arch Mall DXB,Chocolala Ajman 2,1112,1112 C Ajman 2 to C Arch Mall,Ajman 2 WH,Chocolala Ajman 2,Chocolala LLC 643223,Chocolala Arch Mall DXB WH,Chocolala Arch Mall DXB,Chocolala LLC,Chocolala LLC - 643223
UAE,Chocolala Ajman 2Chocolala Baniyas Abudhabi,Chocolala Ajman 2,1235,1235 Chocolala Ajman 2 TO Chocolala Baniyas Abudhabi,Ajman 2 WH,Chocolala Ajman 2,Chocolala LLC 643223,Chocolala Baniyas Abudhabi WH,Chocolala Baniyas Abudhabi,Chocolala LLC,Chocolala LLC - 643223
UAE,Chocolala Ajman 2Chocolala Barsha Mall,Chocolala Ajman 2,1236,1236 Chocolala Ajman 2 TO Chocolala Barsha Mall,Ajman 2 WH,Chocolala Ajman 2,Chocolala LLC 643223,Chocolala Barsha Mall WH,Chocolala Barsha Mall,Chocolala LLC,Chocolala LLC - 643223
UAE,Chocolala Ajman 2Chocolala Ethihad Mall DXB,Chocolala Ajman 2,1238,1238 Chocolala Ajman 2 TO Chocolala Ethihad Mall DXB,Ajman 2 WH,Chocolala Ajman 2,Chocolala LLC 643223,Chocolala Ethihad Mall DXB WH,Chocolala Ethihad Mall DXB,Chocolala LLC,Chocolala LLC - 643223
UAE,Chocolala Ajman 2Chocolala Forsan Abudhabi,Chocolala Ajman 2,1239,1239 Chocolala Ajman 2 TO Chocolala Forsan Abudhabi,Ajman 2 WH,Chocolala Ajman 2,Chocolala LLC 643223,Chocolala Forsan Abudhabi WH,Chocolala Forsan Abudhabi,Chocolala LLC,Chocolala LLC - 643223
UAE,Chocolala Ajman 2Chocolala Khalidiya Abudhabi,Chocolala Ajman 2,1240,1240 Chocolala Ajman 2 TO Chocolala Khalidiya Abudhabi,Ajman 2 WH,Chocolala Ajman 2,Chocolala LLC 643223,Chocolala Khalidiya Abudhabi WH,Chocolala Khalidiya Abudhabi,Chocolala LLC,Chocolala LLC - 643223
UAE,Chocolala Ajman 2Chocolala Latifa Hospital DXB,Chocolala Ajman 2,1113,1113 C AJMAN2 TO C LATIFA,Ajman 2 WH,Chocolala Ajman 2,Chocolala LLC 643223,Chocolala Latifa Hospital DXB WH,Chocolala Latifa Hospital DXB,Chocolala LLC,Chocolala LLC - 643223
UAE,Chocolala Ajman 2Chocolala Muroor Abudhabi,Chocolala Ajman 2,1108,1108 C Ajman 2 C Muroor,Ajman 2 WH,Chocolala Ajman 2,Chocolala LLC 643223,Chocolala Muroor Abudhabi WH,Chocolala Muroor Abudhabi,Chocolala LLC,Chocolala LLC - 643223
UAE,Chocolala Ajman 2Chocolala Nad Al Hamar,Chocolala Ajman 2,1109,1109 C Ajman 2 C Nad Al Hamar,Ajman 2 WH,Chocolala Ajman 2,Chocolala LLC 643223,Chocolala Nad Al Hamar WH,Chocolala Nad Al Hamar,Chocolala LLC,Chocolala LLC - 643223
UAE,Chocolala Ajman 2Chocolala Saudi German DXB,Chocolala Ajman 2,1009,1009 AJMAN 2 TO SGH,Ajman 2 WH,Chocolala Ajman 2,Chocolala LLC 643223,Chocolala Saudi German DXB WH,Chocolala Saudi German DXB,Chocolala LLC,Chocolala LLC - 643223
UAE,Chocolala Ajman 2Chocolala UAQ-1,Chocolala Ajman 2,1114,1114 C Ajman 2 to C UAQ-1,Ajman 2 WH,Chocolala Ajman 2,Chocolala LLC 643223,Chocolala UAQ-1 WH,Chocolala UAQ-1,Chocolala LLC,Chocolala LLC - 643223
UAE,Chocolala Ajman 2HMS Al Garhoud Hospital,Chocolala Ajman 2,1241,1241 Chocolala Ajman 2 TO HMS Al Garhoud Hospital,Ajman 2 WH,Chocolala Ajman 2,Chocolala LLC 643223,HMS Al Garhoud Hospital WH,HMS Al Garhoud Hospital,Chocolala LLC,Chocolala LLC - 643223
UAE,Chocolala Ajman 2Madinati Mall Zayed,Chocolala Ajman 2,1242,1242 Chocolala Ajman 2 TO Madinati Mall Zayed,Ajman 2 WH,Chocolala Ajman 2,Chocolala LLC 643223,Madinat Zayed WH,Madinati Mall Zayed,Chocolala LLC,Chocolala LLC - 643223
UAE,Chocolala Ajman City CenterChocolala Ajman 2,Chocolala Ajman City Center,1116,1116 C AJMAN CITY CENTER TO AJMAN 2,Chocolala Ajman City Center WH,Chocolala Ajman City Center,Chocolala LLC 643223,Ajman 2 WH,Chocolala Ajman 2,Chocolala LLC,Chocolala LLC - 643223
UAE,Chocolala Ajman City CenterChocolala Al Ain- 1,Chocolala Ajman City Center,1243,1243 Chocolala Ajman City Center TO Chocolala Al Ain- 1,Chocolala Ajman City Center WH,Chocolala Ajman City Center,Chocolala LLC 643223,Chocolala Al Ain- 1 WH,Chocolala Al Ain- 1,Chocolala LLC,Chocolala LLC - 643223
UAE,Chocolala Ajman City CenterChocolala Al Ain- 2,Chocolala Ajman City Center,1244,1244 Chocolala Ajman City Center TO Chocolala Al Ain- 2,Chocolala Ajman City Center WH,Chocolala Ajman City Center,Chocolala LLC 643223,Chocolala Al Ain- 2 WH,Chocolala Al Ain- 2,Chocolala LLC,Chocolala LLC - 643223
UAE,Chocolala Ajman City CenterChocolala Al Ain- 3,Chocolala Ajman City Center,1245,1245 Chocolala Ajman City Center TO Chocolala Al Ain- 3,Chocolala Ajman City Center WH,Chocolala Ajman City Center,Chocolala LLC 643223,Chocolala Al Ain- 3 WH,Chocolala Al Ain- 3,Chocolala LLC,Chocolala LLC - 643223
UAE,Chocolala Ajman City CenterChocolala Al Warqa DXB,Chocolala Ajman City Center,1124,1124 C AJMAN TO C WARQA,Chocolala Ajman City Center WH,Chocolala Ajman City Center,Chocolala LLC 643223,Chocolala Al Warqa DXB WH,Chocolala Al Warqa DXB,Chocolala LLC,Chocolala LLC - 643223
UAE,Chocolala Ajman City CenterChocolala Arch Mall DXB,Chocolala Ajman City Center,1117,1117 C Ajman City Center to C Arch Mall DXB,Chocolala Ajman City Center WH,Chocolala Ajman City Center,Chocolala LLC 643223,Chocolala Arch Mall DXB WH,Chocolala Arch Mall DXB,Chocolala LLC,Chocolala LLC - 643223
UAE,Chocolala Ajman City CenterChocolala Baniyas Abudhabi,Chocolala Ajman City Center,1246,1246 Chocolala Ajman City Center TO Chocolala Baniyas Abudha,Chocolala Ajman City Center WH,Chocolala Ajman City Center,Chocolala LLC 643223,Chocolala Baniyas Abudhabi WH,Chocolala Baniyas Abudhabi,Chocolala LLC,Chocolala LLC - 643223
UAE,Chocolala Ajman City CenterChocolala Barsha Mall,Chocolala Ajman City Center,1118,1118 C Ajman City Center to C Barsha,Chocolala Ajman City Center WH,Chocolala Ajman City Center,Chocolala LLC 643223,Chocolala Barsha Mall WH,Chocolala Barsha Mall,Chocolala LLC,Chocolala LLC - 643223
UAE,Chocolala Ajman City CenterChocolala Burjeel Abudhabi,Chocolala Ajman City Center,1247,1247 Chocolala Ajman City Center TO Chocolala Burjeel Abudha,Chocolala Ajman City Center WH,Chocolala Ajman City Center,Chocolala LLC 643223,Chocolala Burjeel Abudhabi WH,Chocolala Burjeel Abudhabi,Chocolala LLC,Chocolala LLC - 643223
UAE,Chocolala Ajman City CenterChocolala Ethihad Mall DXB,Chocolala Ajman City Center,1115,1115 C AJMAN CC TO C ETHIHAD,Chocolala Ajman City Center WH,Chocolala Ajman City Center,Chocolala LLC 643223,Chocolala Ethihad Mall DXB WH,Chocolala Ethihad Mall DXB,Chocolala LLC,Chocolala LLC - 643223
UAE,Chocolala Ajman City CenterChocolala Forsan Abudhabi,Chocolala Ajman City Center,1248,1248 Chocolala Ajman City Center TO Chocolala Forsan Abudhab,Chocolala Ajman City Center WH,Chocolala Ajman City Center,Chocolala LLC 643223,Chocolala Forsan Abudhabi WH,Chocolala Forsan Abudhabi,Chocolala LLC,Chocolala LLC - 643223
UAE,Chocolala Ajman City CenterChocolala Khalidiya Abudhabi,Chocolala Ajman City Center,1119,1119 C AJMAN CITY CENTER TO C KHALEDIYAH,Chocolala Ajman City Center WH,Chocolala Ajman City Center,Chocolala LLC 643223,Chocolala Khalidiya Abudhabi WH,Chocolala Khalidiya Abudhabi,Chocolala LLC,Chocolala LLC - 643223
UAE,Chocolala Ajman City CenterChocolala Latifa Hospital DXB,Chocolala Ajman City Center,1122,1122 C AJMAN TO C LATIFA,Chocolala Ajman City Center WH,Chocolala Ajman City Center,Chocolala LLC 643223,Chocolala Latifa Hospital DXB WH,Chocolala Latifa Hospital DXB,Chocolala LLC,Chocolala LLC - 643223
UAE,Chocolala Ajman City CenterChocolala Muroor Abudhabi,Chocolala Ajman City Center,1249,1249 Chocolala Ajman City Center TO Chocolala Muroor Abudhab,Chocolala Ajman City Center WH,Chocolala Ajman City Center,Chocolala LLC 643223,Chocolala Muroor Abudhabi WH,Chocolala Muroor Abudhabi,Chocolala LLC,Chocolala LLC - 643223
UAE,Chocolala Ajman City CenterChocolala Nad Al Hamar,Chocolala Ajman City Center,1120,1120 C Ajman City Center to C Nad Al Hamar,Chocolala Ajman City Center WH,Chocolala Ajman City Center,Chocolala LLC 643223,Chocolala Nad Al Hamar WH,Chocolala Nad Al Hamar,Chocolala LLC,Chocolala LLC - 643223
UAE,Chocolala Ajman City CenterChocolala Saudi German DXB,Chocolala Ajman City Center,1123,1123 C AJMAN TO C SGH,Chocolala Ajman City Center WH,Chocolala Ajman City Center,Chocolala LLC 643223,Chocolala Saudi German DXB WH,Chocolala Saudi German DXB,Chocolala LLC,Chocolala LLC - 643223
UAE,Chocolala Ajman City CenterChocolala UAQ-1,Chocolala Ajman City Center,1121,1121 C Ajman City Center to C UAQ-1,Chocolala Ajman City Center WH,Chocolala Ajman City Center,Chocolala LLC 643223,Chocolala UAQ-1 WH,Chocolala UAQ-1,Chocolala LLC,Chocolala LLC - 643223
UAE,Chocolala Ajman City CenterHMS Al Garhoud Hospital,Chocolala Ajman City Center,1250,1250 Chocolala Ajman City Center TO HMS Al Garhoud Hospital,Chocolala Ajman City Center WH,Chocolala Ajman City Center,Chocolala LLC 643223,HMS Al Garhoud Hospital WH,HMS Al Garhoud Hospital,Chocolala LLC,Chocolala LLC - 643223
UAE,Chocolala Ajman City CenterMadinati Mall Zayed,Chocolala Ajman City Center,1251,1251 Chocolala Ajman City Center TO Madinati Mall Zayed,Chocolala Ajman City Center WH,Chocolala Ajman City Center,Chocolala LLC 643223,Madinat Zayed WH,Madinati Mall Zayed,Chocolala LLC,Chocolala LLC - 643223
UAE,Chocolala Al Ain- 1Chocolala Ajman 2,Chocolala Al Ain- 1,1252,1252 Chocolala Al Ain- 1 TO Chocolala Ajman 2,Chocolala Al Ain- 1 WH,Chocolala Al Ain- 1,Chocolala LLC 643223,Ajman 2 WH,Chocolala Ajman 2,Chocolala LLC,Chocolala LLC - 643223
UAE,Chocolala Al Ain- 1Chocolala Ajman City Center,Chocolala Al Ain- 1,1253,1253 Chocolala Al Ain- 1 TO Chocolala Ajman City Center,Chocolala Al Ain- 1 WH,Chocolala Al Ain- 1,Chocolala LLC 643223,Chocolala Ajman City Center WH,Chocolala Ajman City Center,Chocolala LLC,Chocolala LLC - 643223
UAE,Chocolala Al Ain- 1Chocolala Al Ain- 2,Chocolala Al Ain- 1,1010,1010 AL AIN1 TO AL AIN2,Chocolala Al Ain- 1 WH,Chocolala Al Ain- 1,Chocolala LLC 643223,Chocolala Al Ain- 2 WH,Chocolala Al Ain- 2,Chocolala LLC,Chocolala LLC - 643223
UAE,Chocolala Al Ain- 1Chocolala Al Ain- 3,Chocolala Al Ain- 1,1125,1125 C Al Ain- 1 to C Al Ain- 3,Chocolala Al Ain- 1 WH,Chocolala Al Ain- 1,Chocolala LLC 643223,Chocolala Al Ain- 3 WH,Chocolala Al Ain- 3,Chocolala LLC - 643223,Chocolala LLC - 643223
UAE,Chocolala Al Ain- 1Chocolala Al Warqa DXB,Chocolala Al Ain- 1,1011,1011 AL AIN 1 TO AL WARQA,Chocolala Al Ain- 1 WH,Chocolala Al Ain- 1,Chocolala LLC 643223,Chocolala Al Warqa DXB WH,Chocolala Al Warqa DXB,Chocolala LLC,Chocolala LLC - 643223
UAE,Chocolala Al Ain- 1Chocolala Arch Mall DXB,Chocolala Al Ain- 1,1254,1254 Chocolala Al Ain- 1 TO Chocolala Arch Mall DXB,Chocolala Al Ain- 1 WH,Chocolala Al Ain- 1,Chocolala LLC 643223,Chocolala Arch Mall DXB WH,Chocolala Arch Mall DXB,Chocolala LLC,Chocolala LLC - 643223
UAE,Chocolala Al Ain- 1Chocolala Baniyas Abudhabi,Chocolala Al Ain- 1,1126,1126 C AL AIN-1 TO C BANIYAS,Chocolala Al Ain- 1 WH,Chocolala Al Ain- 1,Chocolala LLC 643223,Chocolala Baniyas Abudhabi WH,Chocolala Baniyas Abudhabi,Chocolala LLC,Chocolala LLC - 643223
UAE,Chocolala Al Ain- 1Chocolala Barsha Mall,Chocolala Al Ain- 1,1012,1012 AL AIN 1 TO C BARSHA,Chocolala Al Ain- 1 WH,Chocolala Al Ain- 1,Chocolala LLC 643223,Chocolala Barsha Mall WH,Chocolala Barsha Mall,Chocolala LLC,Chocolala LLC - 643223
UAE,Chocolala Al Ain- 1Chocolala Burjeel Abudhabi,Chocolala Al Ain- 1,1127,1127 C AL AIN-1 TO C BURJEEL,Chocolala Al Ain- 1 WH,Chocolala Al Ain- 1,Chocolala LLC 643223,Chocolala Burjeel Abudhabi WH,Chocolala Burjeel Abudhabi,Chocolala LLC,Chocolala LLC - 643223
UAE,Chocolala Al Ain- 1Chocolala Ethihad Mall DXB,Chocolala Al Ain- 1,1128,1128 C AL AIN-1 TO C ETHIHAD,Chocolala Al Ain- 1 WH,Chocolala Al Ain- 1,Chocolala LLC 643223,Chocolala Ethihad Mall DXB WH,Chocolala Ethihad Mall DXB,Chocolala LLC,Chocolala LLC - 643223
UAE,Chocolala Al Ain- 1Chocolala Forsan Abudhabi,Chocolala Al Ain- 1,1013,1013 AL AIN1 TO C FORSAN MALL,Chocolala Al Ain- 1 WH,Chocolala Al Ain- 1,Chocolala LLC 643223,Chocolala Forsan Abudhabi WH,Chocolala Forsan Abudhabi,Chocolala LLC,Chocolala LLC - 643223
UAE,Chocolala Al Ain- 1Chocolala Fujairah,Chocolala Al Ain- 1,1014,1014 AL AIN-1 TO FUJAIRAH,Chocolala Al Ain- 1 WH,Chocolala Al Ain- 1,Chocolala LLC 643223,Chocolala Fujairah WH,Chocolala Fujairah,CHOCOLALA LLC 0839,Chocolala LLC - 643223
UAE,Chocolala Al Ain- 1Chocolala Khalidiya Abudhabi,Chocolala Al Ain- 1,1015,1015 AL AIN 1 TO KHALEDIYAH,Chocolala Al Ain- 1 WH,Chocolala Al Ain- 1,Chocolala LLC 643223,Chocolala Khalidiya Abudhabi WH,Chocolala Khalidiya Abudhabi,Chocolala LLC,Chocolala LLC - 643223
UAE,Chocolala Al Ain- 1Chocolala Latifa Hospital DXB,Chocolala Al Ain- 1,1255,1255 Chocolala Al Ain- 1 TO Chocolala Latifa Hospital DXB,Chocolala Al Ain- 1 WH,Chocolala Al Ain- 1,Chocolala LLC 643223,Chocolala Latifa Hospital DXB WH,Chocolala Latifa Hospital DXB,Chocolala LLC,Chocolala LLC - 643223
UAE,Chocolala Al Ain- 1Chocolala Muroor Abudhabi,Chocolala Al Ain- 1,1129,1129 C AL AIN 1 TO C MUROOR,Chocolala Al Ain- 1 WH,Chocolala Al Ain- 1,Chocolala LLC 643223,Chocolala Muroor Abudhabi WH,Chocolala Muroor Abudhabi,Chocolala LLC,Chocolala LLC - 643223
UAE,Chocolala Al Ain- 1Chocolala Nad Al Hamar,Chocolala Al Ain- 1,1256,1256 Chocolala Al Ain- 1 TO Chocolala Nad Al Hamar,Chocolala Al Ain- 1 WH,Chocolala Al Ain- 1,Chocolala LLC 643223,Chocolala Nad Al Hamar WH,Chocolala Nad Al Hamar,Chocolala LLC,Chocolala LLC - 643223
UAE,Chocolala Al Ain- 1Chocolala Saudi German DXB,Chocolala Al Ain- 1,1257,1257 Chocolala Al Ain- 1 TO Chocolala Saudi German DXB,Chocolala Al Ain- 1 WH,Chocolala Al Ain- 1,Chocolala LLC 643223,Chocolala Saudi German DXB WH,Chocolala Saudi German DXB,Chocolala LLC,Chocolala LLC - 643223
UAE,Chocolala Al Ain- 1Chocolala UAQ-1,Chocolala Al Ain- 1,1258,1258 Chocolala Al Ain- 1 TO Chocolala UAQ-1,Chocolala Al Ain- 1 WH,Chocolala Al Ain- 1,Chocolala LLC 643223,Chocolala UAQ-1 WH,Chocolala UAQ-1,Chocolala LLC,Chocolala LLC - 643223
UAE,Chocolala Al Ain- 1HMS Al Garhoud Hospital,Chocolala Al Ain- 1,1259,1259 Chocolala Al Ain- 1 TO HMS Al Garhoud Hospital,Chocolala Al Ain- 1 WH,Chocolala Al Ain- 1,Chocolala LLC 643223,HMS Al Garhoud Hospital WH,HMS Al Garhoud Hospital,Chocolala LLC,Chocolala LLC - 643223
UAE,Chocolala Al Ain- 1Madinati Mall Zayed,Chocolala Al Ain- 1,1260,1260 Chocolala Al Ain- 1 TO Madinati Mall Zayed,Chocolala Al Ain- 1 WH,Chocolala Al Ain- 1,Chocolala LLC 643223,Madinat Zayed WH,Madinati Mall Zayed,Chocolala LLC,Chocolala LLC - 643223
UAE,Chocolala Al Ain- 2Chocolala Ajman 2,Chocolala Al Ain- 2,1261,1261 Chocolala Al Ain- 2 TO Chocolala Ajman 2,Chocolala Al Ain- 2 WH,Chocolala Al Ain- 2,Chocolala LLC 643223,Ajman 2 WH,Chocolala Ajman 2,Chocolala LLC,Chocolala LLC - 643223
UAE,Chocolala Al Ain- 2Chocolala Ajman City Center,Chocolala Al Ain- 2,1262,1262 Chocolala Al Ain- 2 TO Chocolala Ajman City Center,Chocolala Al Ain- 2 WH,Chocolala Al Ain- 2,Chocolala LLC 643223,Chocolala Ajman City Center WH,Chocolala Ajman City Center,Chocolala LLC,Chocolala LLC - 643223
UAE,Chocolala Al Ain- 2Chocolala Al Ain- 1,Chocolala Al Ain- 2,1130,1130 C Al Ain- 2 to C Al Ain- 1,Chocolala Al Ain- 2 WH,Chocolala Al Ain- 2,Chocolala LLC 643223,Chocolala Al Ain- 1 WH,Chocolala Al Ain- 1,Chocolala LLC,Chocolala LLC - 643223
UAE,Chocolala Al Ain- 2Chocolala Al Ain- 3,Chocolala Al Ain- 2,1131,1131 C AL AIN 2 TO C AL AIN 3,Chocolala Al Ain- 2 WH,Chocolala Al Ain- 2,Chocolala LLC 643223,Chocolala Al Ain- 3 WH,Chocolala Al Ain- 3,Chocolala LLC,Chocolala LLC - 643223
UAE,Chocolala Al Ain- 2Chocolala Al Warqa DXB,Chocolala Al Ain- 2,1132,1132 C AL AIN2 TO C AL WARQA MALL,Chocolala Al Ain- 2 WH,Chocolala Al Ain- 2,Chocolala LLC 643223,Chocolala Al Warqa DXB WH,Chocolala Al Warqa DXB,Chocolala LLC,Chocolala LLC - 643223
UAE,Chocolala Al Ain- 2Chocolala Arch Mall DXB,Chocolala Al Ain- 2,1263,1263 Chocolala Al Ain- 2 TO Chocolala Arch Mall DXB,Chocolala Al Ain- 2 WH,Chocolala Al Ain- 2,Chocolala LLC 643223,Chocolala Arch Mall DXB WH,Chocolala Arch Mall DXB,Chocolala LLC,Chocolala LLC - 643223
UAE,Chocolala Al Ain- 2Chocolala Baniyas Abudhabi,Chocolala Al Ain- 2,1133,1133 C Al Ain- 2 to C Baniyas Abudhabi,Chocolala Al Ain- 2 WH,Chocolala Al Ain- 2,Chocolala LLC 643223,Chocolala Baniyas Abudhabi WH,Chocolala Baniyas Abudhabi,Chocolala LLC,Chocolala LLC - 643223
UAE,Chocolala Al Ain- 2Chocolala Barsha Mall,Chocolala Al Ain- 2,1134,1134 C AL AIN-2 TO C BARSHA MALL,Chocolala Al Ain- 2 WH,Chocolala Al Ain- 2,Chocolala LLC 643223,Chocolala Barsha Mall WH,Chocolala Barsha Mall,Chocolala LLC,Chocolala LLC - 643223
UAE,Chocolala Al Ain- 2Chocolala Burjeel Abudhabi,Chocolala Al Ain- 2,1135,1135 C AL AIN-2 TO C BURJEEL HOSPITAL,Chocolala Al Ain- 2 WH,Chocolala Al Ain- 2,Chocolala LLC 643223,Chocolala Burjeel Abudhabi WH,Chocolala Burjeel Abudhabi,Chocolala LLC,Chocolala LLC - 643223
UAE,Chocolala Burjeel AbudhabiChocolala Burjeel Abudhabi,Chocolala Al Ain- 2,1264,1264 Chocolala Al Ain- 2 TO Chocolala Burjeel Abudhabi,Chocolala Burjeel Abudhabi WH,Chocolala Burjeel Abudhabi,Chocolala LLC 643223,Chocolala Burjeel Abudhabi WH,Chocolala Burjeel Abudhabi,Chocolala LLC,Chocolala LLC - 643223
UAE,Chocolala Al Ain- 2Chocolala Ethihad Mall DXB,Chocolala Al Ain- 2,1136,1136 C AL AIN-2 TO C ETHIHAD,Chocolala Al Ain- 2 WH,Chocolala Al Ain- 2,Chocolala LLC 643223,Chocolala Ethihad Mall DXB WH,Chocolala Ethihad Mall DXB,Chocolala LLC,Chocolala LLC - 643223
UAE,Chocolala Al Ain- 2Chocolala Forsan Abudhabi,Chocolala Al Ain- 2,1137,1137 C Al Ain- 2 to C Forsan,Chocolala Al Ain- 2 WH,Chocolala Al Ain- 2,Chocolala LLC 643223,Chocolala Forsan Abudhabi WH,Chocolala Forsan Abudhabi,Chocolala LLC,Chocolala LLC - 643223
UAE,Chocolala Al Ain- 2Chocolala Khalidiya Abudhabi,Chocolala Al Ain- 2,1138,1138 C AL AIN 2 TO C KHALEDIYAH,Chocolala Al Ain- 2 WH,Chocolala Al Ain- 2,Chocolala LLC 643223,Chocolala Khalidiya Abudhabi WH,Chocolala Khalidiya Abudhabi,Chocolala LLC,Chocolala LLC - 643223
UAE,Chocolala Al Ain- 2Chocolala Latifa Hospital DXB,Chocolala Al Ain- 2,1265,1265 Chocolala Al Ain- 2 TO Chocolala Latifa Hospital DXB,Chocolala Al Ain- 2 WH,Chocolala Al Ain- 2,Chocolala LLC 643223,Chocolala Latifa Hospital DXB WH,Chocolala Latifa Hospital DXB,Chocolala LLC,Chocolala LLC - 643223
UAE,Chocolala Al Ain- 2Chocolala Muroor Abudhabi,Chocolala Al Ain- 2,1140,1140 C AL AIN 2 TO C MUROOR,Chocolala Al Ain- 2 WH,Chocolala Al Ain- 2,Chocolala LLC 643223,Chocolala Muroor Abudhabi WH,Chocolala Muroor Abudhabi,Chocolala LLC,Chocolala LLC - 643223
UAE,Chocolala Al Ain- 2Chocolala Nad Al Hamar,Chocolala Al Ain- 2,1266,1266 Chocolala Al Ain- 2 TO Chocolala Nad Al Hamar,Chocolala Al Ain- 2 WH,Chocolala Al Ain- 2,Chocolala LLC 643223,Chocolala Nad Al Hamar WH,Chocolala Nad Al Hamar,Chocolala LLC,Chocolala LLC - 643223
UAE,Chocolala Al Ain- 2Chocolala Saudi German DXB,Chocolala Al Ain- 2,1267,1267 Chocolala Al Ain- 2 TO Chocolala Saudi German DXB,Chocolala Al Ain- 2 WH,Chocolala Al Ain- 2,Chocolala LLC 643223,Chocolala Saudi German DXB WH,Chocolala Saudi German DXB,Chocolala LLC,Chocolala LLC - 643223
UAE,Chocolala Al Ain- 2Chocolala UAQ-1,Chocolala Al Ain- 2,1268,1268 Chocolala Al Ain- 2 TO Chocolala UAQ-1,Chocolala Al Ain- 2 WH,Chocolala Al Ain- 2,Chocolala LLC 643223,Chocolala UAQ-1 WH,Chocolala UAQ-1,Chocolala LLC,Chocolala LLC - 643223
UAE,Chocolala Al Ain- 2HMS Al Garhoud Hospital,Chocolala Al Ain- 2,1269,1269 Chocolala Al Ain- 2 TO HMS Al Garhoud Hospital,Chocolala Al Ain- 2 WH,Chocolala Al Ain- 2,Chocolala LLC 643223,HMS Al Garhoud Hospital WH,HMS Al Garhoud Hospital,Chocolala LLC,Chocolala LLC - 643223
UAE,Chocolala Al Ain- 2Madinati Mall Zayed,Chocolala Al Ain- 2,1139,1139 C Al Ain- 2 to C Madinati Mall Zayed,Chocolala Al Ain- 2 WH,Chocolala Al Ain- 2,Chocolala LLC 643223,Madinat Zayed WH,Madinati Mall Zayed,Chocolala LLC,Chocolala LLC - 643223
UAE,Chocolala Al Ain- 3Chocolala Ajman 2,Chocolala Al Ain- 3,1270,1270 Chocolala Al Ain- 3 TO Chocolala Ajman 2,Chocolala Al Ain- 3 WH,Chocolala Al Ain- 3,Chocolala LLC 643223,Ajman 2 WH,Chocolala Ajman 2,Chocolala LLC,Chocolala LLC - 643223
UAE,Chocolala Al Ain- 3Chocolala Ajman City Center,Chocolala Al Ain- 3,1271,1271 Chocolala Al Ain- 3 TO Chocolala Ajman City Center,Chocolala Al Ain- 3 WH,Chocolala Al Ain- 3,Chocolala LLC 643223,Chocolala Ajman City Center WH,Chocolala Ajman City Center,Chocolala LLC,Chocolala LLC - 643223
UAE,Chocolala Al Ain- 3Chocolala Al Ain- 1,Chocolala Al Ain- 3,1141,1141 C AL AIN-3 TO AL AIN-1,Chocolala Al Ain- 3 WH,Chocolala Al Ain- 3,Chocolala LLC 643223,Chocolala Al Ain- 1 WH,Chocolala Al Ain- 1,Chocolala LLC,Chocolala LLC - 643223
UAE,Chocolala Al Ain- 3Chocolala Al Ain- 2,Chocolala Al Ain- 3,1142,1142 C AL AIN-3 TO C AL AIN-2,Chocolala Al Ain- 3 WH,Chocolala Al Ain- 3,Chocolala LLC 643223,Chocolala Al Ain- 2 WH,Chocolala Al Ain- 2,Chocolala LLC,Chocolala LLC - 643223
UAE,Chocolala Al Ain- 3Chocolala Al Warqa DXB,Chocolala Al Ain- 3,1272,1272 Chocolala Al Ain- 3 TO Chocolala Al Warqa DXB,Chocolala Al Ain- 3 WH,Chocolala Al Ain- 3,Chocolala LLC 643223,Chocolala Al Warqa DXB WH,Chocolala Al Warqa DXB,Chocolala LLC,Chocolala LLC - 643223
UAE,Chocolala Al Ain- 3Chocolala Arch Mall DXB,Chocolala Al Ain- 3,1273,1273 Chocolala Al Ain- 3 TO Chocolala Arch Mall DXB,Chocolala Al Ain- 3 WH,Chocolala Al Ain- 3,Chocolala LLC 643223,Chocolala Arch Mall DXB WH,Chocolala Arch Mall DXB,Chocolala LLC,Chocolala LLC - 643223
UAE,Chocolala Al Ain- 3Chocolala Baniyas Abudhabi,Chocolala Al Ain- 3,1143,1143 C Al Ain- 3 to C Baniyas,Chocolala Al Ain- 3 WH,Chocolala Al Ain- 3,Chocolala LLC 643223,Chocolala Baniyas Abudhabi WH,Chocolala Baniyas Abudhabi,Chocolala LLC,Chocolala LLC - 643223
UAE,Chocolala Al Ain- 3Chocolala Barsha Mall,Chocolala Al Ain- 3,1144,1144 C Al Ain- 3 to C Barsha Mall,Chocolala Al Ain- 3 WH,Chocolala Al Ain- 3,Chocolala LLC 643223,Chocolala Barsha Mall WH,Chocolala Barsha Mall,Chocolala LLC,Chocolala LLC - 643223
UAE,Chocolala Al Ain- 3Chocolala Burjeel Abudhabi,Chocolala Al Ain- 3,1145,1145 C AL AIN3 TO C BURJEEL,Chocolala Al Ain- 3 WH,Chocolala Al Ain- 3,Chocolala LLC 643223,Chocolala Burjeel Abudhabi WH,Chocolala Burjeel Abudhabi,Chocolala LLC,Chocolala LLC - 643223
UAE,Chocolala Al Ain- 3Chocolala Ethihad Mall DXB,Chocolala Al Ain- 3,1146,1146 C AL AIN-3 TO C ETIHAD,Chocolala Al Ain- 3 WH,Chocolala Al Ain- 3,Chocolala LLC 643223,Chocolala Ethihad Mall DXB WH,Chocolala Ethihad Mall DXB,Chocolala LLC,Chocolala LLC - 643223
UAE,Chocolala Al Ain- 3Chocolala Khalidiya Abudhabi,Chocolala Al Ain- 3,1147,1147 C Al Ain- 3 to C Khalidiya,Chocolala Al Ain- 3 WH,Chocolala Al Ain- 3,Chocolala LLC 643223,Chocolala Khalidiya Abudhabi WH,Chocolala Khalidiya Abudhabi,Chocolala LLC,Chocolala LLC - 643223
UAE,Chocolala Al Ain- 3Chocolala Latifa Hospital DXB,Chocolala Al Ain- 3,1275,1275 Chocolala Al Ain- 3 TO Chocolala Latifa Hospital DXB,Chocolala Al Ain- 3 WH,Chocolala Al Ain- 3,Chocolala LLC 643223,Chocolala Latifa Hospital DXB WH,Chocolala Latifa Hospital DXB,Chocolala LLC,Chocolala LLC - 643223
UAE,Chocolala Al Ain- 3Chocolala Muroor Abudhabi,Chocolala Al Ain- 3,1148,1148 C Al Ain- 3 to C Muroor,Chocolala Al Ain- 3 WH,Chocolala Al Ain- 3,Chocolala LLC 643223,Chocolala Muroor Abudhabi WH,Chocolala Muroor Abudhabi,Chocolala LLC,Chocolala LLC - 643223
UAE,Chocolala Al Ain- 3Chocolala Nad Al Hamar,Chocolala Al Ain- 3,1276,1276 Chocolala Al Ain- 3 TO Chocolala Nad Al Hamar,Chocolala Al Ain- 3 WH,Chocolala Al Ain- 3,Chocolala LLC 643223,Chocolala Nad Al Hamar WH,Chocolala Nad Al Hamar,Chocolala LLC,Chocolala LLC - 643223
UAE,Chocolala Al Ain- 3Chocolala Saudi German DXB,Chocolala Al Ain- 3,1277,1277 Chocolala Al Ain- 3 TO Chocolala Saudi German DXB,Chocolala Al Ain- 3 WH,Chocolala Al Ain- 3,Chocolala LLC 643223,Chocolala Saudi German DXB WH,Chocolala Saudi German DXB,Chocolala LLC,Chocolala LLC - 643223
UAE,Chocolala Al Ain- 3Chocolala UAQ-1,Chocolala Al Ain- 3,1278,1278 Chocolala Al Ain- 3 TO Chocolala UAQ-1,Chocolala Al Ain- 3 WH,Chocolala Al Ain- 3,Chocolala LLC 643223,Chocolala UAQ-1 WH,Chocolala UAQ-1,Chocolala LLC,Chocolala LLC - 643223
UAE,Chocolala Al Ain- 3HMS Al Garhoud Hospital,Chocolala Al Ain- 3,1279,1279 Chocolala Al Ain- 3 TO HMS Al Garhoud Hospital,Chocolala Al Ain- 3 WH,Chocolala Al Ain- 3,Chocolala LLC 643223,HMS Al Garhoud Hospital WH,HMS Al Garhoud Hospital,Chocolala LLC,Chocolala LLC - 643223
UAE,Chocolala Al Ain- 3Madinati Mall Zayed,Chocolala Al Ain- 3,1149,1149 C Al Ain- 3 to Madinat Zaid,Chocolala Al Ain- 3 WH,Chocolala Al Ain- 3,Chocolala LLC 643223,Madinat Zayed WH,Madinati Mall Zayed,Chocolala LLC,Chocolala LLC - 643223
UAE,Chocolala Al Warqa DXBChocolala Ajman 2,Chocolala Al Warqa DXB,1150,1150 C Al Warqa DXB to C Ajman 2,Chocolala Al Warqa DXB WH,Chocolala Al Warqa DXB,Chocolala LLC 643223,Ajman 2 WH,Chocolala Ajman 2,Chocolala LLC,Chocolala LLC - 643223
UAE,Chocolala Al Warqa DXBChocolala Ajman City Center,Chocolala Al Warqa DXB,1153,1153 C AL WARQA MALL TO AJMAN CITY CENTER,Chocolala Al Warqa DXB WH,Chocolala Al Warqa DXB,Chocolala LLC 643223,Chocolala Ajman City Center WH,Chocolala Ajman City Center,Chocolala LLC,Chocolala LLC - 643223
UAE,Chocolala Al Warqa DXBChocolala Al Ain- 1,Chocolala Al Warqa DXB,1549,1549 C WARQA TO AL AIN 1,Chocolala Al Warqa DXB WH,Chocolala Al Warqa DXB,Chocolala LLC 643223,Chocolala Al Ain- 1 WH,Chocolala Al Ain- 1,Chocolala LLC,Chocolala LLC - 643223
UAE,Chocolala Al Warqa DXBChocolala Al Ain- 2,Chocolala Al Warqa DXB,1315,1315 Chocolala Al Warqa DXB TO Chocolala Al Ain- 2,Chocolala Al Warqa DXB WH,Chocolala Al Warqa DXB,Chocolala LLC 643223,Chocolala Al Ain- 2 WH,Chocolala Al Ain- 2,Chocolala LLC,Chocolala LLC - 643223
UAE,Chocolala Al Warqa DXBChocolala Al Ain- 3,Chocolala Al Warqa DXB,1316,1316 Chocolala Al Warqa DXB TO Chocolala Al Ain- 3,Chocolala Al Warqa DXB WH,Chocolala Al Warqa DXB,Chocolala LLC 643223,Chocolala Al Ain- 3 WH,Chocolala Al Ain- 3,Chocolala LLC,Chocolala LLC - 643223
UAE,Chocolala Al Warqa DXBChocolala Arch Mall DXB,Chocolala Al Warqa DXB,1550,1550 C WARQA TO C ARCH,Chocolala Al Warqa DXB WH,Chocolala Al Warqa DXB,Chocolala LLC 643223,Chocolala Arch Mall DXB WH,Chocolala Arch Mall DXB,Chocolala LLC,Chocolala LLC - 643223
UAE,Chocolala Al Warqa DXBChocolala Baniyas Abudhabi,Chocolala Al Warqa DXB,1317,1317 Chocolala Al Warqa DXB TO Chocolala Baniyas Abudhabi,Chocolala Al Warqa DXB WH,Chocolala Al Warqa DXB,Chocolala LLC 643223,Chocolala Baniyas Abudhabi WH,Chocolala Baniyas Abudhabi,Chocolala LLC,Chocolala LLC - 643223
UAE,Chocolala Al Warqa DXBChocolala Barsha Mall,Chocolala Al Warqa DXB,1154,1154 C Al Warqa Mall to C Barsha,Chocolala Al Warqa DXB WH,Chocolala Al Warqa DXB,Chocolala LLC 643223,Chocolala Barsha Mall WH,Chocolala Barsha Mall,Chocolala LLC,Chocolala LLC - 643223
UAE,Chocolala Al Warqa DXBChocolala Burjeel Abudhabi,Chocolala Al Warqa DXB,1318,1318 Chocolala Al Warqa DXB TO Chocolala Burjeel Abudhabi,Chocolala Al Warqa DXB WH,Chocolala Al Warqa DXB,Chocolala LLC 643223,Chocolala Burjeel Abudhabi WH,Chocolala Burjeel Abudhabi,Chocolala LLC,Chocolala LLC - 643223
UAE,Chocolala Al Warqa DXBChocolala Ethihad Mall DXB,Chocolala Al Warqa DXB,1151,1151 C Al Warqa DXB to C Ethihad Mall DXB,Chocolala Al Warqa DXB WH,Chocolala Al Warqa DXB,Chocolala LLC 643223,Chocolala Ethihad Mall DXB WH,Chocolala Ethihad Mall DXB,Chocolala LLC,Chocolala LLC - 643223
UAE,Chocolala Al Warqa DXBChocolala Forsan Abudhabi,Chocolala Al Warqa DXB,1319,1319 Chocolala Al Warqa DXB TO Chocolala Forsan Abudhabi,Chocolala Al Warqa DXB WH,Chocolala Al Warqa DXB,Chocolala LLC 643223,Chocolala Forsan Abudhabi WH,Chocolala Forsan Abudhabi,Chocolala LLC,Chocolala LLC - 643223
UAE,Chocolala Al Warqa DXBChocolala Khalidiya Abudhabi,Chocolala Al Warqa DXB,1320,1320 Chocolala Al Warqa DXB TO Chocolala Khalidiya Abudhabi,Chocolala Al Warqa DXB WH,Chocolala Al Warqa DXB,Chocolala LLC 643223,Chocolala Khalidiya Abudhabi WH,Chocolala Khalidiya Abudhabi,Chocolala LLC,Chocolala LLC - 643223
UAE,Chocolala Al Warqa DXBChocolala Latifa Hospital DXB,Chocolala Al Warqa DXB,1551,1551 C WARQA TO C LATIFA,Chocolala Al Warqa DXB WH,Chocolala Al Warqa DXB,Chocolala LLC 643223,Chocolala Latifa Hospital DXB WH,Chocolala Latifa Hospital DXB,Chocolala LLC,Chocolala LLC - 643223
UAE,Chocolala Al Warqa DXBChocolala Nad Al Hamar,Chocolala Al Warqa DXB,1552,1552 C WARQA TO C NAD AL HAMAR,Chocolala Al Warqa DXB WH,Chocolala Al Warqa DXB,Chocolala LLC 643223,Chocolala Nad Al Hamar WH,Chocolala Nad Al Hamar,Chocolala LLC,Chocolala LLC - 643223
UAE,Chocolala Al Warqa DXBChocolala Saudi German DXB,Chocolala Al Warqa DXB,1553,1553 C WARQA TO SGH,Chocolala Al Warqa DXB WH,Chocolala Al Warqa DXB,Chocolala LLC 643223,Chocolala Saudi German DXB WH,Chocolala Saudi German DXB,Chocolala LLC,Chocolala LLC - 643223
UAE,Chocolala Al Warqa DXBChocolala UAQ-1,Chocolala Al Warqa DXB,1156,1156 C AL WARQA MALL TO C UAQ-1,Chocolala Al Warqa DXB WH,Chocolala Al Warqa DXB,Chocolala LLC 643223,Chocolala UAQ-1 WH,Chocolala UAQ-1,Chocolala LLC,Chocolala LLC - 643223
UAE,Chocolala Al Warqa DXBHMS Al Garhoud Hospital,Chocolala Al Warqa DXB,1155,1155 C Al Warqa Mall to C HMS Al Garhoud Hospital,Chocolala Al Warqa DXB WH,Chocolala Al Warqa DXB,Chocolala LLC 643223,HMS Al Garhoud Hospital WH,HMS Al Garhoud Hospital,Chocolala LLC,Chocolala LLC - 643223
UAE,Chocolala Al Warqa DXBMadinati Mall Zayed,Chocolala Al Warqa DXB,1322,1322 Chocolala Al Warqa DXB TO Madinati Mall Zayed,Chocolala Al Warqa DXB WH,Chocolala Al Warqa DXB,Chocolala LLC 643223,Madinat Zayed WH,Madinati Mall Zayed,Chocolala LLC,Chocolala LLC - 643223
UAE,Chocolala Arch Mall DXBChocolala Ajman 2,Chocolala Arch Mall DXB,1161,1161 C ARCH MALL TO C AJMAN-2,Chocolala Arch Mall DXB WH,Chocolala Arch Mall DXB,Chocolala LLC 643223,Ajman 2 WH,Chocolala Ajman 2,Chocolala LLC,Chocolala LLC - 643223
UAE,Chocolala Arch Mall DXBChocolala Ajman City Center,Chocolala Arch Mall DXB,1162,1162 C Arch Mall to C Ajman City Center,Chocolala Arch Mall DXB WH,Chocolala Arch Mall DXB,Chocolala LLC 643223,Chocolala Ajman City Center WH,Chocolala Ajman City Center,Chocolala LLC,Chocolala LLC - 643223
UAE,Chocolala Arch Mall DXBChocolala Al Ain- 1,Chocolala Arch Mall DXB,1323,1323 Chocolala Arch Mall DXB TO Chocolala Al Ain- 1,Chocolala Arch Mall DXB WH,Chocolala Arch Mall DXB,Chocolala LLC 643223,Chocolala Al Ain- 1 WH,Chocolala Al Ain- 1,Chocolala LLC,Chocolala LLC - 643223
UAE,Chocolala Arch Mall DXBChocolala Al Ain- 3,Chocolala Arch Mall DXB,1325,1325 Chocolala Arch Mall DXB TO Chocolala Al Ain- 3,Chocolala Arch Mall DXB WH,Chocolala Arch Mall DXB,Chocolala LLC 643223,Chocolala Al Ain- 3 WH,Chocolala Al Ain- 3,Chocolala LLC,Chocolala LLC - 643223
UAE,Chocolala Arch Mall DXBChocolala Al Warqa DXB,Chocolala Arch Mall DXB,1160,1160 C ARCH MALL TO AL WARQA,Chocolala Arch Mall DXB WH,Chocolala Arch Mall DXB,Chocolala LLC 643223,Chocolala Al Warqa DXB WH,Chocolala Al Warqa DXB,Chocolala LLC,Chocolala LLC - 643223
UAE,Chocolala Arch Mall DXBChocolala Al Warqa DXB,Chocolala Arch Mall DXB,1163,1163 C ARCH MALL TO C AL WRQA MALL,Chocolala Arch Mall DXB WH,Chocolala Arch Mall DXB,Chocolala LLC 643223,Chocolala Al Warqa DXB WH,Chocolala Al Warqa DXB,Chocolala LLC,Chocolala LLC - 643223
UAE,Chocolala Arch Mall DXBChocolala Baniyas Abudhabi,Chocolala Arch Mall DXB,1326,1326 Chocolala Arch Mall DXB TO Chocolala Baniyas Abudhabi,Chocolala Arch Mall DXB WH,Chocolala Arch Mall DXB,Chocolala LLC 643223,Chocolala Baniyas Abudhabi WH,Chocolala Baniyas Abudhabi,Chocolala LLC,Chocolala LLC - 643223
UAE,Chocolala Arch Mall DXBChocolala Barsha Mall,Chocolala Arch Mall DXB,1164,1164 C ARCH MALL TO C BARSHA,Chocolala Arch Mall DXB WH,Chocolala Arch Mall DXB,Chocolala LLC 643223,Chocolala Barsha Mall WH,Chocolala Barsha Mall,Chocolala LLC,Chocolala LLC - 643223
UAE,Chocolala Arch Mall DXBChocolala Burjeel Abudhabi,Chocolala Arch Mall DXB,1165,1165 C Arch Mall to C Burjeel,Chocolala Arch Mall DXB WH,Chocolala Arch Mall DXB,Chocolala LLC 643223,Chocolala Burjeel Abudhabi WH,Chocolala Burjeel Abudhabi,Chocolala LLC,Chocolala LLC - 643223
UAE,Chocolala Arch Mall DXBChocolala Ethihad Mall DXB,Chocolala Arch Mall DXB,1158,1158 C Arch Mall DXB to C Ethihad Mall DXB,Chocolala Arch Mall DXB WH,Chocolala Arch Mall DXB,Chocolala LLC 643223,Chocolala Ethihad Mall DXB WH,Chocolala Ethihad Mall DXB,Chocolala LLC,Chocolala LLC - 643223
UAE,Chocolala Arch Mall DXBChocolala Forsan Abudhabi,Chocolala Arch Mall DXB,1327,1327 Chocolala Arch Mall DXB TO Chocolala Forsan Abudhabi,Chocolala Arch Mall DXB WH,Chocolala Arch Mall DXB,Chocolala LLC 643223,Chocolala Forsan Abudhabi WH,Chocolala Forsan Abudhabi,Chocolala LLC,Chocolala LLC - 643223
UAE,Chocolala Arch Mall DXBChocolala Khalidiya Abudhabi,Chocolala Arch Mall DXB,1167,1167 C Arch Mall to C Khalidiya,Chocolala Arch Mall DXB WH,Chocolala Arch Mall DXB,Chocolala LLC 643223,Chocolala Khalidiya Abudhabi WH,Chocolala Khalidiya Abudhabi,Chocolala LLC,Chocolala LLC - 643223
UAE,Chocolala Arch Mall DXBChocolala Latifa Hospital DXB,Chocolala Arch Mall DXB,1168,1168 C ARCH MALL TO C LATIFA,Chocolala Arch Mall DXB WH,Chocolala Arch Mall DXB,Chocolala LLC 643223,Chocolala Latifa Hospital DXB WH,Chocolala Latifa Hospital DXB,Chocolala LLC,Chocolala LLC - 643223
UAE,Chocolala Arch Mall DXBChocolala Muroor Abudhabi,Chocolala Arch Mall DXB,1328,1328 Chocolala Arch Mall DXB TO Chocolala Muroor Abudhabi,Chocolala Arch Mall DXB WH,Chocolala Arch Mall DXB,Chocolala LLC 643223,Chocolala Muroor Abudhabi WH,Chocolala Muroor Abudhabi,Chocolala LLC,Chocolala LLC - 643223
UAE,Chocolala Arch Mall DXBChocolala Nad Al Hamar,Chocolala Arch Mall DXB,1169,1169 C ARCH MALL TO C NAD AL HAMAR,Chocolala Arch Mall DXB WH,Chocolala Arch Mall DXB,Chocolala LLC 643223,Chocolala Nad Al Hamar WH,Chocolala Nad Al Hamar,Chocolala LLC,Chocolala LLC - 643223
UAE,Chocolala Arch Mall DXBChocolala Saudi German DXB,Chocolala Arch Mall DXB,1170,1170 C Arch Mall to C Saudi German DXB,Chocolala Arch Mall DXB WH,Chocolala Arch Mall DXB,Chocolala LLC 643223,Chocolala Saudi German DXB WH,Chocolala Saudi German DXB,Chocolala LLC,Chocolala LLC - 643223
UAE,Chocolala Arch Mall DXBChocolala UAQ-1,Chocolala Arch Mall DXB,1159,1159 C Arch Mall DXB to C UAQ-1,Chocolala Arch Mall DXB WH,Chocolala Arch Mall DXB,Chocolala LLC 643223,Chocolala UAQ-1 WH,Chocolala UAQ-1,Chocolala LLC,Chocolala LLC - 643223
UAE,Chocolala Arch Mall DXBHMS Al Garhoud Hospital,Chocolala Arch Mall DXB,1166,1166 C Arch Mall to C HMS Al Garhoud Hospital,Chocolala Arch Mall DXB WH,Chocolala Arch Mall DXB,Chocolala LLC 643223,HMS Al Garhoud Hospital WH,HMS Al Garhoud Hospital,Chocolala LLC,Chocolala LLC - 643223
UAE,Chocolala Arch Mall DXBMadinati Mall Zayed,Chocolala Arch Mall DXB,1329,1329 Chocolala Arch Mall DXB TO Madinati Mall Zayed,Chocolala Arch Mall DXB WH,Chocolala Arch Mall DXB,Chocolala LLC 643223,Madinat Zayed WH,Madinati Mall Zayed,Chocolala LLC,Chocolala LLC - 643223
UAE,Chocolala Baniyas AbudhabiChocolala Ajman 2,Chocolala Baniyas Abudhabi,1330,1330 Chocolala Baniyas Abudhabi TO Chocolala Ajman 2,Chocolala Baniyas Abudhabi WH,Chocolala Baniyas Abudhabi,Chocolala LLC 643223,Ajman 2 WH,Chocolala Ajman 2,Chocolala LLC,Chocolala LLC - 643223
UAE,Chocolala Baniyas AbudhabiChocolala Ajman City Center,Chocolala Baniyas Abudhabi,1331,1331 Chocolala Baniyas Abudhabi TO Chocolala Ajman City Cent,Chocolala Baniyas Abudhabi WH,Chocolala Baniyas Abudhabi,Chocolala LLC 643223,Chocolala Ajman City Center WH,Chocolala Ajman City Center,Chocolala LLC,Chocolala LLC - 643223
UAE,Chocolala Baniyas AbudhabiChocolala Al Ain- 1,Chocolala Baniyas Abudhabi,1074,1074 BANIYAS TO AL AIN 1,Chocolala Baniyas Abudhabi WH,Chocolala Baniyas Abudhabi,Chocolala LLC 643223,Chocolala Al Ain- 1 WH,Chocolala Al Ain- 1,Chocolala LLC,Chocolala LLC - 643223
UAE,Chocolala Baniyas AbudhabiChocolala Al Ain- 2,Chocolala Baniyas Abudhabi,1172,1172 C BANIYAS TO AL AIN-2,Chocolala Baniyas Abudhabi WH,Chocolala Baniyas Abudhabi,Chocolala LLC 643223,Chocolala Al Ain- 2 WH,Chocolala Al Ain- 2,Chocolala LLC,Chocolala LLC - 643223
UAE,Chocolala Baniyas AbudhabiChocolala Al Ain- 3,Chocolala Baniyas Abudhabi,1173,1173 C BANIYAS TO C AL AIN-3,Chocolala Baniyas Abudhabi WH,Chocolala Baniyas Abudhabi,Chocolala LLC 643223,Chocolala Al Ain- 3 WH,Chocolala Al Ain- 3,Chocolala LLC,Chocolala LLC - 643223
UAE,Chocolala Baniyas AbudhabiChocolala Al Warqa DXB,Chocolala Baniyas Abudhabi,1174,1174 C BANIYAS TO C AL WARQA MALL,Chocolala Baniyas Abudhabi WH,Chocolala Baniyas Abudhabi,Chocolala LLC 643223,Chocolala Al Warqa DXB WH,Chocolala Al Warqa DXB,Chocolala LLC,Chocolala LLC - 643223
UAE,Chocolala Baniyas AbudhabiChocolala Arch Mall DXB,Chocolala Baniyas Abudhabi,1171,1171 C Baniyas Abudhabi to C Arch Mall DXB,Chocolala Baniyas Abudhabi WH,Chocolala Baniyas Abudhabi,Chocolala LLC 643223,Chocolala Arch Mall DXB WH,Chocolala Arch Mall DXB,Chocolala LLC,Chocolala LLC - 643223
UAE,Chocolala Baniyas AbudhabiChocolala Barsha Mall,Chocolala Baniyas Abudhabi,1175,1175 C BANIYAS TO C BARSHA,Chocolala Baniyas Abudhabi WH,Chocolala Baniyas Abudhabi,Chocolala LLC 643223,Chocolala Barsha Mall WH,Chocolala Barsha Mall,Chocolala LLC,Chocolala LLC - 643223
UAE,Chocolala Baniyas AbudhabiChocolala Burjeel Abudhabi,Chocolala Baniyas Abudhabi,1176,1176 C BANIYAS TO C BURJEEL,Chocolala Baniyas Abudhabi WH,Chocolala Baniyas Abudhabi,Chocolala LLC 643223,Chocolala Burjeel Abudhabi WH,Chocolala Burjeel Abudhabi,Chocolala LLC,Chocolala LLC - 643223
UAE,Chocolala Baniyas AbudhabiChocolala Ethihad Mall DXB,Chocolala Baniyas Abudhabi,1177,1177 C Baniyas to C Ethihad Mall,Chocolala Baniyas Abudhabi WH,Chocolala Baniyas Abudhabi,Chocolala LLC 643223,Chocolala Ethihad Mall DXB WH,Chocolala Ethihad Mall DXB,Chocolala LLC,Chocolala LLC - 643223
UAE,Chocolala Baniyas AbudhabiChocolala Forsan Abudhabi,Chocolala Baniyas Abudhabi,1178,1178 C BANIYAS TO C FORSAN MALL,Chocolala Baniyas Abudhabi WH,Chocolala Baniyas Abudhabi,Chocolala LLC 643223,Chocolala Forsan Abudhabi WH,Chocolala Forsan Abudhabi,Chocolala LLC,Chocolala LLC - 643223
UAE,Chocolala Baniyas AbudhabiChocolala Khalidiya Abudhabi,Chocolala Baniyas Abudhabi,1179,1179 C BANIYAS TO C KHALEDIYAH,Chocolala Baniyas Abudhabi WH,Chocolala Baniyas Abudhabi,Chocolala LLC 643223,Chocolala Khalidiya Abudhabi WH,Chocolala Khalidiya Abudhabi,Chocolala LLC,Chocolala LLC - 643223
UAE,Chocolala Baniyas AbudhabiChocolala Latifa Hospital DXB,Chocolala Baniyas Abudhabi,1332,1332 Chocolala Baniyas Abudhabi TO Chocolala Latifa Hospital,Chocolala Baniyas Abudhabi WH,Chocolala Baniyas Abudhabi,Chocolala LLC 643223,Chocolala Latifa Hospital DXB WH,Chocolala Latifa Hospital DXB,Chocolala LLC,Chocolala LLC - 643223
UAE,Chocolala Baniyas AbudhabiChocolala Muroor Abudhabi,Chocolala Baniyas Abudhabi,1181,1181 C BANIYAS TO C MUROOR,Chocolala Baniyas Abudhabi WH,Chocolala Baniyas Abudhabi,Chocolala LLC 643223,Chocolala Muroor Abudhabi WH,Chocolala Muroor Abudhabi,Chocolala LLC,Chocolala LLC - 643223
UAE,Chocolala Baniyas AbudhabiChocolala Saudi German DXB,Chocolala Baniyas Abudhabi,1333,1333 Chocolala Baniyas Abudhabi TO Chocolala Saudi German DX,Chocolala Baniyas Abudhabi WH,Chocolala Baniyas Abudhabi,Chocolala LLC 643223,Chocolala Saudi German DXB WH,Chocolala Saudi German DXB,Chocolala LLC,Chocolala LLC - 643223
UAE,Chocolala Baniyas AbudhabiChocolala UAQ-1,Chocolala Baniyas Abudhabi,1334,1334 Chocolala Baniyas Abudhabi TO Chocolala UAQ-1,Chocolala Baniyas Abudhabi WH,Chocolala Baniyas Abudhabi,Chocolala LLC 643223,Chocolala UAQ-1 WH,Chocolala UAQ-1,Chocolala LLC,Chocolala LLC - 643223
UAE,Chocolala Baniyas AbudhabiHMS Al Garhoud Hospital,Chocolala Baniyas Abudhabi,1335,1335 Chocolala Baniyas Abudhabi TO HMS Al Garhoud Hospital,Chocolala Baniyas Abudhabi WH,Chocolala Baniyas Abudhabi,Chocolala LLC 643223,HMS Al Garhoud Hospital WH,HMS Al Garhoud Hospital,Chocolala LLC,Chocolala LLC - 643223
UAE,Chocolala Baniyas AbudhabiMadinati Mall Zayed,Chocolala Baniyas Abudhabi,1180,1180 C BANIYAS TO C MADINAT ZAID,Chocolala Baniyas Abudhabi WH,Chocolala Baniyas Abudhabi,Chocolala LLC 643223,Madinat Zayed WH,Madinati Mall Zayed,Chocolala LLC,Chocolala LLC - 643223
UAE,Chocolala Barsha MallChocolala Ajman 2,Chocolala Barsha Mall,1336,1336 Chocolala Barsha Mall TO Chocolala Ajman 2,Chocolala Barsha Mall WH,Chocolala Barsha Mall,Chocolala LLC 643223,Ajman 2 WH,Chocolala Ajman 2,Chocolala LLC,Chocolala LLC - 643223
UAE,Chocolala Barsha MallChocolala Ajman City Center,Chocolala Barsha Mall,1337,1337 Chocolala Barsha Mall TO Chocolala Ajman City Center,Chocolala Barsha Mall WH,Chocolala Barsha Mall,Chocolala LLC 643223,Chocolala Ajman City Center WH,Chocolala Ajman City Center,Chocolala LLC,Chocolala LLC - 643223
UAE,Chocolala Barsha MallChocolala Al Ain- 1,Chocolala Barsha Mall,1187,1187 C Barsha to C Al Ain 1,Chocolala Barsha Mall WH,Chocolala Barsha Mall,Chocolala LLC 643223,Chocolala Al Ain- 1 WH,Chocolala Al Ain- 1,Chocolala LLC,Chocolala LLC - 643223
UAE,Chocolala Barsha MallChocolala Al Ain- 2,Chocolala Barsha Mall,1338,1338 Chocolala Barsha Mall TO Chocolala Al Ain- 2,Chocolala Barsha Mall WH,Chocolala Barsha Mall,Chocolala LLC 643223,Chocolala Al Ain- 2 WH,Chocolala Al Ain- 2,Chocolala LLC,Chocolala LLC - 643223
UAE,Chocolala Barsha MallChocolala Al Ain- 3,Chocolala Barsha Mall,1339,1339 Chocolala Barsha Mall TO Chocolala Al Ain- 3,Chocolala Barsha Mall WH,Chocolala Barsha Mall,Chocolala LLC 643223,Chocolala Al Ain- 3 WH,Chocolala Al Ain- 3,Chocolala LLC,Chocolala LLC - 643223
UAE,Chocolala Barsha MallChocolala Al Warqa DXB,Chocolala Barsha Mall,1340,1340 Chocolala Barsha Mall TO Chocolala Al Warqa DXB,Chocolala Barsha Mall WH,Chocolala Barsha Mall,Chocolala LLC 643223,Chocolala Al Warqa DXB WH,Chocolala Al Warqa DXB,Chocolala LLC,Chocolala LLC - 643223
UAE,Chocolala Barsha MallChocolala Arch Mall DXB,Chocolala Barsha Mall,1341,1341 Chocolala Barsha Mall TO Chocolala Arch Mall DXB,Chocolala Barsha Mall WH,Chocolala Barsha Mall,Chocolala LLC 643223,Chocolala Arch Mall DXB WH,Chocolala Arch Mall DXB,Chocolala LLC,Chocolala LLC - 643223
UAE,Chocolala Barsha MallChocolala Baniyas Abudhabi,Chocolala Barsha Mall,1188,1188 C Barsha to C Baniyas,Chocolala Barsha Mall WH,Chocolala Barsha Mall,Chocolala LLC 643223,Chocolala Baniyas Abudhabi WH,Chocolala Baniyas Abudhabi,Chocolala LLC,Chocolala LLC - 643223
UAE,Chocolala Barsha MallChocolala Burjeel Abudhabi,Chocolala Barsha Mall,1183,1183 C Barsha Mall to C Burjeel,Chocolala Barsha Mall WH,Chocolala Barsha Mall,Chocolala LLC 643223,Chocolala Burjeel Abudhabi WH,Chocolala Burjeel Abudhabi,Chocolala LLC,Chocolala LLC - 643223
UAE,Chocolala Barsha MallChocolala Ethihad Mall DXB,Chocolala Barsha Mall,1189,1189 C BARSHA TO C ETHIHAD,Chocolala Barsha Mall WH,Chocolala Barsha Mall,Chocolala LLC 643223,Chocolala Ethihad Mall DXB WH,Chocolala Ethihad Mall DXB,Chocolala LLC,Chocolala LLC - 643223
UAE,Chocolala Barsha MallChocolala Forsan Abudhabi,Chocolala Barsha Mall,1184,1184 C Barsha Mall to C Forsan,Chocolala Barsha Mall WH,Chocolala Barsha Mall,Chocolala LLC 643223,Chocolala Forsan Abudhabi WH,Chocolala Forsan Abudhabi,Chocolala LLC,Chocolala LLC - 643223
UAE,Chocolala Barsha MallChocolala Khalidiya Abudhabi,Chocolala Barsha Mall,1190,1190 C BARSHA TO C KHALIDIYAH,Chocolala Barsha Mall WH,Chocolala Barsha Mall,Chocolala LLC 643223,Chocolala Khalidiya Abudhabi WH,Chocolala Khalidiya Abudhabi,Chocolala LLC,Chocolala LLC - 643223
UAE,Chocolala Barsha MallChocolala Latifa Hospital DXB,Chocolala Barsha Mall,1191,1191 C Barsha to C Latifa,Chocolala Barsha Mall WH,Chocolala Barsha Mall,Chocolala LLC 643223,Chocolala Latifa Hospital DXB WH,Chocolala Latifa Hospital DXB,Chocolala LLC,Chocolala LLC - 643223
UAE,Chocolala Barsha MallChocolala Muroor Abudhabi,Chocolala Barsha Mall,1186,1186 C Barsha Mall to C Muroor,Chocolala Barsha Mall WH,Chocolala Barsha Mall,Chocolala LLC 643223,Chocolala Muroor Abudhabi WH,Chocolala Muroor Abudhabi,Chocolala LLC,Chocolala LLC - 643223
UAE,Chocolala Barsha MallChocolala Nad Al Hamar,Chocolala Barsha Mall,1192,1192 C BARSHA TO C NAD AL HAMAR,Chocolala Barsha Mall WH,Chocolala Barsha Mall,Chocolala LLC 643223,Chocolala Nad Al Hamar WH,Chocolala Nad Al Hamar,Chocolala LLC,Chocolala LLC - 643223
UAE,Chocolala Barsha MallChocolala Saudi German DXB,Chocolala Barsha Mall,1193,1193 C BARSHA TO C SAUDI GERMAN,Chocolala Barsha Mall WH,Chocolala Barsha Mall,Chocolala LLC 643223,Chocolala Saudi German DXB WH,Chocolala Saudi German DXB,Chocolala LLC,Chocolala LLC - 643223
UAE,Chocolala Barsha MallChocolala UAQ-1,Chocolala Barsha Mall,1342,1342 Chocolala Barsha Mall TO Chocolala UAQ-1,Chocolala Barsha Mall WH,Chocolala Barsha Mall,Chocolala LLC 643223,Chocolala UAQ-1 WH,Chocolala UAQ-1,Chocolala LLC,Chocolala LLC - 643223
UAE,Chocolala Barsha MallHMS Al Garhoud Hospital,Chocolala Barsha Mall,1343,1343 Chocolala Barsha Mall TO HMS Al Garhoud Hospital,Chocolala Barsha Mall WH,Chocolala Barsha Mall,Chocolala LLC 643223,HMS Al Garhoud Hospital WH,HMS Al Garhoud Hospital,Chocolala LLC,Chocolala LLC - 643223
UAE,Chocolala Barsha MallMadinati Mall Zayed,Chocolala Barsha Mall,1185,1185 C Barsha Mall to C Madinati Mall Zayed,Chocolala Barsha Mall WH,Chocolala Barsha Mall,Chocolala LLC 643223,Madinat Zayed WH,Madinati Mall Zayed,Chocolala LLC,Chocolala LLC - 643223
UAE,Chocolala Burjeel AbudhabiChocolala Ajman 2,Chocolala Burjeel Abudhabi,1344,1344 Chocolala Burjeel Abudhabi TO Chocolala Ajman 2,Chocolala Burjeel Abudhabi WH,Chocolala Burjeel Abudhabi,Chocolala LLC 643223,Ajman 2 WH,Chocolala Ajman 2,Chocolala LLC,Chocolala LLC - 643223
UAE,Chocolala Burjeel AbudhabiChocolala Ajman City Center,Chocolala Burjeel Abudhabi,1345,1345 Chocolala Burjeel Abudhabi TO Chocolala Ajman City Cent,Chocolala Burjeel Abudhabi WH,Chocolala Burjeel Abudhabi,Chocolala LLC 643223,Chocolala Ajman City Center WH,Chocolala Ajman City Center,Chocolala LLC,Chocolala LLC - 643223
UAE,Chocolala Burjeel AbudhabiChocolala Al Ain- 1,Chocolala Burjeel Abudhabi,1194,1194 C Burjeel to C Al Ain- 1,Chocolala Burjeel Abudhabi WH,Chocolala Burjeel Abudhabi,Chocolala LLC 643223,Chocolala Al Ain- 1 WH,Chocolala Al Ain- 1,Chocolala LLC,Chocolala LLC - 643223
UAE,Chocolala Burjeel AbudhabiChocolala Al Ain- 2,Chocolala Burjeel Abudhabi,1195,1195 C BURJEEL TO C AL AIN 2,Chocolala Burjeel Abudhabi WH,Chocolala Burjeel Abudhabi,Chocolala LLC 643223,Chocolala Al Ain- 2 WH,Chocolala Al Ain- 2,Chocolala LLC,Chocolala LLC - 643223
UAE,Chocolala Burjeel AbudhabiChocolala Al Ain- 3,Chocolala Burjeel Abudhabi,1196,1196 C Burjeel to C Al Ain 3,Chocolala Burjeel Abudhabi WH,Chocolala Burjeel Abudhabi,Chocolala LLC 643223,Chocolala Al Ain- 3 WH,Chocolala Al Ain- 3,Chocolala LLC,Chocolala LLC - 643223
UAE,Chocolala Burjeel AbudhabiChocolala Al Warqa DXB,Chocolala Burjeel Abudhabi,1346,1346 Chocolala Burjeel Abudhabi TO Chocolala Al Warqa DXB,Chocolala Burjeel Abudhabi WH,Chocolala Burjeel Abudhabi,Chocolala LLC 643223,Chocolala Al Warqa DXB WH,Chocolala Al Warqa DXB,Chocolala LLC,Chocolala LLC - 643223
UAE,Chocolala Burjeel AbudhabiChocolala Arch Mall DXB,Chocolala Burjeel Abudhabi,1197,1197 C BURJEEL TO C ARCH MALL,Chocolala Burjeel Abudhabi WH,Chocolala Burjeel Abudhabi,Chocolala LLC 643223,Chocolala Arch Mall DXB WH,Chocolala Arch Mall DXB,Chocolala LLC,Chocolala LLC - 643223
UAE,Chocolala Burjeel AbudhabiChocolala Baniyas Abudhabi,Chocolala Burjeel Abudhabi,1198,1198 C BURJEEL TO C BANIYAS,Chocolala Burjeel Abudhabi WH,Chocolala Burjeel Abudhabi,Chocolala LLC 643223,Chocolala Baniyas Abudhabi WH,Chocolala Baniyas Abudhabi,Chocolala LLC,Chocolala LLC - 643223
UAE,Chocolala Burjeel AbudhabiChocolala Barsha Mall,Chocolala Burjeel Abudhabi,1353,1353 Chocolala Burjeel to Chocolala Barsha Mall,Chocolala Burjeel Abudhabi WH,Chocolala Burjeel Abudhabi,Chocolala LLC 643223,Chocolala Barsha Mall WH,Chocolala Barsha Mall,Chocolala LLC,Chocolala LLC - 643223
UAE,Chocolala Burjeel AbudhabiChocolala Ethihad Mall DXB,Chocolala Burjeel Abudhabi,1347,1347 Chocolala Burjeel Abudhabi TO Chocolala Ethihad Mall DX,Chocolala Burjeel Abudhabi WH,Chocolala Burjeel Abudhabi,Chocolala LLC 643223,Chocolala Ethihad Mall DXB WH,Chocolala Ethihad Mall DXB,Chocolala LLC,Chocolala LLC - 643223
UAE,Chocolala Burjeel AbudhabiChocolala Forsan Abudhabi,Chocolala Burjeel Abudhabi,1199,1199 C BURJEEL TO C FORSAN,Chocolala Burjeel Abudhabi WH,Chocolala Burjeel Abudhabi,Chocolala LLC 643223,Chocolala Forsan Abudhabi WH,Chocolala Forsan Abudhabi,Chocolala LLC,Chocolala LLC - 643223
UAE,Chocolala Burjeel AbudhabiChocolala Khalidiya Abudhabi,Chocolala Burjeel Abudhabi,1200,1200 C BURJEEL TO C KHALIDIYAH,Chocolala Burjeel Abudhabi WH,Chocolala Burjeel Abudhabi,Chocolala LLC 643223,Chocolala Khalidiya Abudhabi WH,Chocolala Khalidiya Abudhabi,Chocolala LLC,Chocolala LLC - 643223
UAE,Chocolala Burjeel AbudhabiChocolala Latifa Hospital DXB,Chocolala Burjeel Abudhabi,1348,1348 Chocolala Burjeel Abudhabi TO Chocolala Latifa Hospital,Chocolala Burjeel Abudhabi WH,Chocolala Burjeel Abudhabi,Chocolala LLC 643223,Chocolala Latifa Hospital DXB WH,Chocolala Latifa Hospital DXB,Chocolala LLC,Chocolala LLC - 643223
UAE,Chocolala Burjeel AbudhabiChocolala Muroor Abudhabi,Chocolala Burjeel Abudhabi,1202,1202 C BURJEEL TO C MUROOR,Chocolala Burjeel Abudhabi WH,Chocolala Burjeel Abudhabi,Chocolala LLC 643223,Chocolala Muroor Abudhabi WH,Chocolala Muroor Abudhabi,Chocolala LLC,Chocolala LLC - 643223
UAE,Chocolala Burjeel AbudhabiChocolala Nad Al Hamar,Chocolala Burjeel Abudhabi,1349,1349 Chocolala Burjeel Abudhabi TO Chocolala Nad Al Hamar,Chocolala Burjeel Abudhabi WH,Chocolala Burjeel Abudhabi,Chocolala LLC 643223,Chocolala Nad Al Hamar WH,Chocolala Nad Al Hamar,Chocolala LLC,Chocolala LLC - 643223
UAE,Chocolala Burjeel AbudhabiChocolala Saudi German DXB,Chocolala Burjeel Abudhabi,1350,1350 Chocolala Burjeel Abudhabi TO Chocolala Saudi German DX,Chocolala Burjeel Abudhabi WH,Chocolala Burjeel Abudhabi,Chocolala LLC 643223,Chocolala Saudi German DXB WH,Chocolala Saudi German DXB,Chocolala LLC,Chocolala LLC - 643223
UAE,Chocolala Burjeel AbudhabiChocolala UAQ-1,Chocolala Burjeel Abudhabi,1351,1351 Chocolala Burjeel Abudhabi TO Chocolala UAQ-1,Chocolala Burjeel Abudhabi WH,Chocolala Burjeel Abudhabi,Chocolala LLC 643223,Chocolala UAQ-1 WH,Chocolala UAQ-1,Chocolala LLC,Chocolala LLC - 643223
UAE,Chocolala Burjeel AbudhabiHMS Al Garhoud Hospital,Chocolala Burjeel Abudhabi,1352,1352 Chocolala Burjeel Abudhabi TO HMS Al Garhoud Hospital,Chocolala Burjeel Abudhabi WH,Chocolala Burjeel Abudhabi,Chocolala LLC 643223,HMS Al Garhoud Hospital WH,HMS Al Garhoud Hospital,Chocolala LLC,Chocolala LLC - 643223
UAE,Chocolala Burjeel AbudhabiMadinati Mall Zayed,Chocolala Burjeel Abudhabi,1201,1201 C Burjeel to C Madinat Zaid,Chocolala Burjeel Abudhabi WH,Chocolala Burjeel Abudhabi,Chocolala LLC 643223,Madinat Zayed WH,Madinati Mall Zayed,Chocolala LLC,Chocolala LLC - 643223
UAE,Chocolala DibbaChocolala Fujairah,Chocolala Dibba,1203,1203 C Dibba to C Fujairah,Chocolala Dibba WH,Chocolala Dibba,CHOCOLALA LLC 0839,Chocolala Fujairah WH,Chocolala Fujairah,CHOCOLALA LLC 0839,CHOCOLALA LLC - 0839
UAE,Chocolala Ethihad Mall DXBChocolala Ajman 2,Chocolala Ethihad Mall DXB,1354,1354 Chocolala Ethihad Mall DXB TO Chocolala Ajman 2,Chocolala Ethihad Mall DXB WH,Chocolala Ethihad Mall DXB,Chocolala LLC 643223,Ajman 2 WH,Chocolala Ajman 2,Chocolala LLC,Chocolala LLC - 643223
UAE,Chocolala Ethihad Mall DXBChocolala Ajman City Center,Chocolala Ethihad Mall DXB,1355,1355 Chocolala Ethihad Mall DXB TO Chocolala Ajman City Cent,Chocolala Ethihad Mall DXB WH,Chocolala Ethihad Mall DXB,Chocolala LLC 643223,Chocolala Ajman City Center WH,Chocolala Ajman City Center,Chocolala LLC,Chocolala LLC - 643223
UAE,Chocolala Ethihad Mall DXBChocolala Al Ain- 1,Chocolala Ethihad Mall DXB,1206,1206 C ETHIHAD TO C AL AIN 1,Chocolala Ethihad Mall DXB WH,Chocolala Ethihad Mall DXB,Chocolala LLC 643223,Chocolala Al Ain- 1 WH,Chocolala Al Ain- 1,Chocolala LLC,Chocolala LLC - 643223
UAE,Chocolala Ethihad Mall DXBChocolala Al Ain- 2,Chocolala Ethihad Mall DXB,1356,1356 Chocolala Ethihad Mall DXB TO Chocolala Al Ain- 2,Chocolala Ethihad Mall DXB WH,Chocolala Ethihad Mall DXB,Chocolala LLC 643223,Chocolala Al Ain- 2 WH,Chocolala Al Ain- 2,Chocolala LLC,Chocolala LLC - 643223
UAE,Chocolala Ethihad Mall DXBChocolala Al Ain- 3,Chocolala Ethihad Mall DXB,1357,1357 Chocolala Ethihad Mall DXB TO Chocolala Al Ain- 3,Chocolala Ethihad Mall DXB WH,Chocolala Ethihad Mall DXB,Chocolala LLC 643223,Chocolala Al Ain- 3 WH,Chocolala Al Ain- 3,Chocolala LLC,Chocolala LLC - 643223
UAE,Chocolala Ethihad Mall DXBChocolala Arch Mall DXB,Chocolala Ethihad Mall DXB,1359,1359 Chocolala Ethihad Mall DXB TO Chocolala Arch Mall DXB,Chocolala Ethihad Mall DXB WH,Chocolala Ethihad Mall DXB,Chocolala LLC 643223,Chocolala Arch Mall DXB WH,Chocolala Arch Mall DXB,Chocolala LLC,Chocolala LLC - 643223
UAE,Chocolala Ethihad Mall DXBChocolala Baniyas Abudhabi,Chocolala Ethihad Mall DXB,1213,1213 C Etihad Mall to C Baniyas,Chocolala Ethihad Mall DXB WH,Chocolala Ethihad Mall DXB,Chocolala LLC 643223,Chocolala Baniyas Abudhabi WH,Chocolala Baniyas Abudhabi,Chocolala LLC,Chocolala LLC - 643223
UAE,Chocolala Ethihad Mall DXBChocolala Barsha Mall,Chocolala Ethihad Mall DXB,1214,1214 C ETIHAD TO C BARSHA,Chocolala Ethihad Mall DXB WH,Chocolala Ethihad Mall DXB,Chocolala LLC 643223,Chocolala Barsha Mall WH,Chocolala Barsha Mall,Chocolala LLC,Chocolala LLC - 643223
UAE,Chocolala Ethihad Mall DXBChocolala Burjeel Abudhabi,Chocolala Ethihad Mall DXB,1207,1207 C ETHIHAD TO C BURJEEL,Chocolala Ethihad Mall DXB WH,Chocolala Ethihad Mall DXB,Chocolala LLC 643223,Chocolala Burjeel Abudhabi WH,Chocolala Burjeel Abudhabi,Chocolala LLC,Chocolala LLC - 643223
UAE,Chocolala Ethihad Mall DXBChocolala Khalidiya Abudhabi,Chocolala Ethihad Mall DXB,1209,1209 C Ethihad to C Khalidiya,Chocolala Ethihad Mall DXB WH,Chocolala Ethihad Mall DXB,Chocolala LLC 643223,Chocolala Khalidiya Abudhabi WH,Chocolala Khalidiya Abudhabi,Chocolala LLC,Chocolala LLC - 643223
UAE,Chocolala Ethihad Mall DXBChocolala Latifa Hospital DXB,Chocolala Ethihad Mall DXB,1215,1215 C Etihad to C Latifa Hospital,Chocolala Ethihad Mall DXB WH,Chocolala Ethihad Mall DXB,Chocolala LLC 643223,Chocolala Latifa Hospital DXB WH,Chocolala Latifa Hospital DXB,Chocolala LLC,Chocolala LLC - 643223
UAE,Chocolala Ethihad Mall DXBChocolala Muroor Abudhabi,Chocolala Ethihad Mall DXB,1211,1211 C ETHIHAD TO C MUROOR,Chocolala Ethihad Mall DXB WH,Chocolala Ethihad Mall DXB,Chocolala LLC 643223,Chocolala Muroor Abudhabi WH,Chocolala Muroor Abudhabi,Chocolala LLC,Chocolala LLC - 643223
UAE,Chocolala Ethihad Mall DXBChocolala Nad Al Hamar,Chocolala Ethihad Mall DXB,1212,1212 C ETHIHAD TO C NAD AL HAMAR,Chocolala Ethihad Mall DXB WH,Chocolala Ethihad Mall DXB,Chocolala LLC 643223,Chocolala Nad Al Hamar WH,Chocolala Nad Al Hamar,Chocolala LLC,Chocolala LLC - 643223
UAE,Chocolala Ethihad Mall DXBChocolala Saudi German DXB,Chocolala Ethihad Mall DXB,1360,1360 Chocolala Ethihad Mall DXB TO Chocolala Saudi German DX,Chocolala Ethihad Mall DXB WH,Chocolala Ethihad Mall DXB,Chocolala LLC 643223,Chocolala Saudi German DXB WH,Chocolala Saudi German DXB,Chocolala LLC,Chocolala LLC - 643223
UAE,Chocolala Ethihad Mall DXBChocolala UAQ-1,Chocolala Ethihad Mall DXB,1361,1361 Chocolala Ethihad Mall DXB TO Chocolala UAQ-1,Chocolala Ethihad Mall DXB WH,Chocolala Ethihad Mall DXB,Chocolala LLC 643223,Chocolala UAQ-1 WH,Chocolala UAQ-1,Chocolala LLC,Chocolala LLC - 643223
UAE,Chocolala Ethihad Mall DXBHMS Al Garhoud Hospital,Chocolala Ethihad Mall DXB,1362,1362 Chocolala Ethihad Mall DXB TO HMS Al Garhoud Hospital,Chocolala Ethihad Mall DXB WH,Chocolala Ethihad Mall DXB,Chocolala LLC 643223,HMS Al Garhoud Hospital WH,HMS Al Garhoud Hospital,Chocolala LLC,Chocolala LLC - 643223
UAE,Chocolala Ethihad Mall DXBMadinati Mall Zayed,Chocolala Ethihad Mall DXB,1210,1210 C ETHIHAD TO C MADINAT ZAYED,Chocolala Ethihad Mall DXB WH,Chocolala Ethihad Mall DXB,Chocolala LLC 643223,Madinat Zayed WH,Madinati Mall Zayed,Chocolala LLC,Chocolala LLC - 643223
UAE,Chocolala Forsan AbudhabiChocolala Ajman 2,Chocolala Forsan Abudhabi,1363,1363 Chocolala Forsan Abudhabi TO Chocolala Ajman 2,Chocolala Forsan Abudhabi WH,Chocolala Forsan Abudhabi,Chocolala LLC 643223,Ajman 2 WH,Chocolala Ajman 2,Chocolala LLC,Chocolala LLC - 643223
UAE,Chocolala Forsan AbudhabiChocolala Ajman City Center,Chocolala Forsan Abudhabi,1364,1364 Chocolala Forsan Abudhabi TO Chocolala Ajman City Cente,Chocolala Forsan Abudhabi WH,Chocolala Forsan Abudhabi,Chocolala LLC 643223,Chocolala Ajman City Center WH,Chocolala Ajman City Center,Chocolala LLC,Chocolala LLC - 643223
UAE,Chocolala Forsan AbudhabiChocolala Al Ain- 1,Chocolala Forsan Abudhabi,1216,1216 C Forsan Abudhabi to C Al Ain- 1,Chocolala Forsan Abudhabi WH,Chocolala Forsan Abudhabi,Chocolala LLC 643223,Chocolala Al Ain- 1 WH,Chocolala Al Ain- 1,Chocolala LLC,Chocolala LLC - 643223
UAE,Chocolala Forsan AbudhabiChocolala Al Ain- 2,Chocolala Forsan Abudhabi,1223,1223 C FORSAN TO C AL AIN 2,Chocolala Forsan Abudhabi WH,Chocolala Forsan Abudhabi,Chocolala LLC 643223,Chocolala Al Ain- 2 WH,Chocolala Al Ain- 2,Chocolala LLC,Chocolala LLC - 643223
UAE,Chocolala Forsan AbudhabiChocolala Al Ain- 3,Chocolala Forsan Abudhabi,1218,1218 C FORSAN MALL TO C AL AIN-3,Chocolala Forsan Abudhabi WH,Chocolala Forsan Abudhabi,Chocolala LLC 643223,Chocolala Al Ain- 3 WH,Chocolala Al Ain- 3,Chocolala LLC,Chocolala LLC - 643223
UAE,Chocolala Forsan AbudhabiChocolala Arch Mall DXB,Chocolala Forsan Abudhabi,1366,1366 Chocolala Forsan Abudhabi TO Chocolala Arch Mall DXB,Chocolala Forsan Abudhabi WH,Chocolala Forsan Abudhabi,Chocolala LLC 643223,Chocolala Arch Mall DXB WH,Chocolala Arch Mall DXB,Chocolala LLC,Chocolala LLC - 643223
UAE,Chocolala Forsan AbudhabiChocolala Baniyas Abudhabi,Chocolala Forsan Abudhabi,1217,1217 C FORSAN MALL TO BANIYAS,Chocolala Forsan Abudhabi WH,Chocolala Forsan Abudhabi,Chocolala LLC 643223,Chocolala Baniyas Abudhabi WH,Chocolala Baniyas Abudhabi,Chocolala LLC,Chocolala LLC - 643223
UAE,Chocolala Forsan AbudhabiChocolala Baniyas Abudhabi,Chocolala Forsan Abudhabi,1219,1219 C FORSAN MALL TO C BANIYAS,Chocolala Forsan Abudhabi WH,Chocolala Forsan Abudhabi,Chocolala LLC 643223,Chocolala Baniyas Abudhabi WH,Chocolala Baniyas Abudhabi,Chocolala LLC,Chocolala LLC - 643223
UAE,Chocolala Forsan AbudhabiChocolala Barsha Mall,Chocolala Forsan Abudhabi,1224,1224 C FORSAN TO C BARSHA,Chocolala Forsan Abudhabi WH,Chocolala Forsan Abudhabi,Chocolala LLC 643223,Chocolala Barsha Mall WH,Chocolala Barsha Mall,Chocolala LLC,Chocolala LLC - 643223
UAE,Chocolala Forsan AbudhabiChocolala Burjeel Abudhabi,Chocolala Forsan Abudhabi,1221,1221 C FORSAN MALL TO C BURJEEL,Chocolala Forsan Abudhabi WH,Chocolala Forsan Abudhabi,Chocolala LLC 643223,Chocolala Burjeel Abudhabi WH,Chocolala Burjeel Abudhabi,Chocolala LLC,Chocolala LLC - 643223
UAE,Chocolala Forsan AbudhabiChocolala Ethihad Mall DXB,Chocolala Forsan Abudhabi,1225,1225 C FORSAN TO C ETHIHAD,Chocolala Forsan Abudhabi WH,Chocolala Forsan Abudhabi,Chocolala LLC 643223,Chocolala Ethihad Mall DXB WH,Chocolala Ethihad Mall DXB,Chocolala LLC,Chocolala LLC - 643223
UAE,Chocolala Forsan AbudhabiChocolala Khalidiya Abudhabi,Chocolala Forsan Abudhabi,1222,1222 C FORSAN MALL TO C KHALEDIYAH,Chocolala Forsan Abudhabi WH,Chocolala Forsan Abudhabi,Chocolala LLC 643223,Chocolala Khalidiya Abudhabi WH,Chocolala Khalidiya Abudhabi,Chocolala LLC,Chocolala LLC - 643223
UAE,Chocolala Forsan AbudhabiChocolala Latifa Hospital DXB,Chocolala Forsan Abudhabi,1367,1367 Chocolala Forsan Abudhabi TO Chocolala Latifa Hospital ,Chocolala Forsan Abudhabi WH,Chocolala Forsan Abudhabi,Chocolala LLC 643223,Chocolala Latifa Hospital DXB WH,Chocolala Latifa Hospital DXB,Chocolala LLC,Chocolala LLC - 643223
UAE,Chocolala Forsan AbudhabiChocolala Muroor Abudhabi,Chocolala Forsan Abudhabi,1227,1227 C FORSAN TO C MUROOR,Chocolala Forsan Abudhabi WH,Chocolala Forsan Abudhabi,Chocolala LLC 643223,Chocolala Muroor Abudhabi WH,Chocolala Muroor Abudhabi,Chocolala LLC,Chocolala LLC - 643223
UAE,Chocolala Forsan AbudhabiChocolala Saudi German DXB,Chocolala Forsan Abudhabi,1369,1369 Chocolala Forsan Abudhabi TO Chocolala Saudi German DXB,Chocolala Forsan Abudhabi WH,Chocolala Forsan Abudhabi,Chocolala LLC 643223,Chocolala Saudi German DXB WH,Chocolala Saudi German DXB,Chocolala LLC,Chocolala LLC - 643223
UAE,Chocolala Forsan AbudhabiChocolala UAQ-1,Chocolala Forsan Abudhabi,1370,1370 Chocolala Forsan Abudhabi TO Chocolala UAQ-1,Chocolala Forsan Abudhabi WH,Chocolala Forsan Abudhabi,Chocolala LLC 643223,Chocolala UAQ-1 WH,Chocolala UAQ-1,Chocolala LLC,Chocolala LLC - 643223
UAE,Chocolala Forsan AbudhabiHMS Al Garhoud Hospital,Chocolala Forsan Abudhabi,1371,1371 Chocolala Forsan Abudhabi TO HMS Al Garhoud Hospital,Chocolala Forsan Abudhabi WH,Chocolala Forsan Abudhabi,Chocolala LLC 643223,HMS Al Garhoud Hospital WH,HMS Al Garhoud Hospital,Chocolala LLC,Chocolala LLC - 643223
UAE,Chocolala Forsan AbudhabiMadinati Mall Zayed,Chocolala Forsan Abudhabi,1226,1226 C Forsan to C Madinat Zaid,Chocolala Forsan Abudhabi WH,Chocolala Forsan Abudhabi,Chocolala LLC 643223,Madinat Zayed WH,Madinati Mall Zayed,Chocolala LLC,Chocolala LLC - 643223
UAE,Chocolala FujairahChocolala Dibba,Chocolala Fujairah,1228,1228 C FUJAIRAH TO C DIBBA,Chocolala Fujairah WH,Chocolala Fujairah,CHOCOLALA LLC 0839,Chocolala Dibba WH,Chocolala Dibba,CHOCOLALA LLC 0839,CHOCOLALA LLC - 0839
UAE,Chocolala Khalidiya AbudhabiChocolala Ajman 2,Chocolala Khalidiya Abudhabi,1376,1376 Chocolala Khalidiya Abudhabi TO Chocolala Ajman 2,Chocolala Khalidiya Abudhabi WH,Chocolala Khalidiya Abudhabi,Chocolala LLC 643223,Ajman 2 WH,Chocolala Ajman 2,Chocolala LLC,Chocolala LLC - 643223
UAE,Chocolala Khalidiya AbudhabiChocolala Ajman City Center,Chocolala Khalidiya Abudhabi,1377,1377 Chocolala Khalidiya Abudhabi TO Chocolala Ajman City Ce,Chocolala Khalidiya Abudhabi WH,Chocolala Khalidiya Abudhabi,Chocolala LLC 643223,Chocolala Ajman City Center WH,Chocolala Ajman City Center,Chocolala LLC,Chocolala LLC - 643223
UAE,Chocolala Khalidiya AbudhabiChocolala Al Ain- 1,Chocolala Khalidiya Abudhabi,1378,1378 Chocolala Khalidiya Abudhabi TO Chocolala Al Ain- 1,Chocolala Khalidiya Abudhabi WH,Chocolala Khalidiya Abudhabi,Chocolala LLC 643223,Chocolala Al Ain- 1 WH,Chocolala Al Ain- 1,Chocolala LLC,Chocolala LLC - 643223
UAE,Chocolala Khalidiya AbudhabiChocolala Al Ain- 2,Chocolala Khalidiya Abudhabi,1470,1470 C Khalidiya to C Al Ain- 2,Chocolala Khalidiya Abudhabi WH,Chocolala Khalidiya Abudhabi,Chocolala LLC 643223,Chocolala Al Ain- 2 WH,Chocolala Al Ain- 2,Chocolala LLC,Chocolala LLC - 643223
UAE,Chocolala Khalidiya AbudhabiChocolala Al Ain- 3,Chocolala Khalidiya Abudhabi,1379,1379 Chocolala Khalidiya Abudhabi TO Chocolala Al Ain- 3,Chocolala Khalidiya Abudhabi WH,Chocolala Khalidiya Abudhabi,Chocolala LLC 643223,Chocolala Al Ain- 3 WH,Chocolala Al Ain- 3,Chocolala LLC,Chocolala LLC - 643223
UAE,Chocolala Khalidiya AbudhabiChocolala Al Warqa DXB,Chocolala Khalidiya Abudhabi,1380,1380 Chocolala Khalidiya Abudhabi TO Chocolala Al Warqa DXB,Chocolala Khalidiya Abudhabi WH,Chocolala Khalidiya Abudhabi,Chocolala LLC 643223,Chocolala Al Warqa DXB WH,Chocolala Al Warqa DXB,Chocolala LLC,Chocolala LLC - 643223
UAE,Chocolala Khalidiya AbudhabiChocolala Arch Mall DXB,Chocolala Khalidiya Abudhabi,1381,1381 Chocolala Khalidiya Abudhabi TO Chocolala Arch Mall DXB,Chocolala Khalidiya Abudhabi WH,Chocolala Khalidiya Abudhabi,Chocolala LLC 643223,Chocolala Arch Mall DXB WH,Chocolala Arch Mall DXB,Chocolala LLC,Chocolala LLC - 643223
UAE,Chocolala Khalidiya AbudhabiChocolala Baniyas Abudhabi,Chocolala Khalidiya Abudhabi,1467,1467 C KHALIDIYAH TO C BANIYAS,Chocolala Khalidiya Abudhabi WH,Chocolala Khalidiya Abudhabi,Chocolala LLC 643223,Chocolala Baniyas Abudhabi WH,Chocolala Baniyas Abudhabi,Chocolala LLC,Chocolala LLC - 643223
UAE,Chocolala Khalidiya AbudhabiChocolala Barsha Mall,Chocolala Khalidiya Abudhabi,1635,1635 KHALEIYAH TO C BARSHA,Chocolala Khalidiya Abudhabi WH,Chocolala Khalidiya Abudhabi,Chocolala LLC 643223,Chocolala Barsha Mall WH,Chocolala Barsha Mall,Chocolala LLC,Chocolala LLC - 643223
UAE,Chocolala Khalidiya AbudhabiChocolala Burjeel Abudhabi,Chocolala Khalidiya Abudhabi,1468,1468 C KHALIDIYAH TO C BURJEEL,Chocolala Khalidiya Abudhabi WH,Chocolala Khalidiya Abudhabi,Chocolala LLC 643223,Chocolala Burjeel Abudhabi WH,Chocolala Burjeel Abudhabi,Chocolala LLC,Chocolala LLC - 643223
UAE,Chocolala Khalidiya AbudhabiChocolala Ethihad Mall DXB,Chocolala Khalidiya Abudhabi,1469,1469 C KHALIDIYAH TO ETHIHAD,Chocolala Khalidiya Abudhabi WH,Chocolala Khalidiya Abudhabi,Chocolala LLC 643223,Chocolala Ethihad Mall DXB WH,Chocolala Ethihad Mall DXB,Chocolala LLC,Chocolala LLC - 643223
UAE,Chocolala Khalidiya AbudhabiChocolala Forsan Abudhabi,Chocolala Khalidiya Abudhabi,1466,1466 C KHALEDIYAH TO C FORSAN MALL,Chocolala Khalidiya Abudhabi WH,Chocolala Khalidiya Abudhabi,Chocolala LLC 643223,Chocolala Forsan Abudhabi WH,Chocolala Forsan Abudhabi,Chocolala LLC,Chocolala LLC - 643223
UAE,Chocolala Khalidiya AbudhabiChocolala Latifa Hospital DXB,Chocolala Khalidiya Abudhabi,1382,1382 Chocolala Khalidiya Abudhabi TO Chocolala Latifa Hospit,Chocolala Khalidiya Abudhabi WH,Chocolala Khalidiya Abudhabi,Chocolala LLC 643223,Chocolala Latifa Hospital DXB WH,Chocolala Latifa Hospital DXB,Chocolala LLC,Chocolala LLC - 643223
UAE,Chocolala Khalidiya AbudhabiChocolala Muroor Abudhabi,Chocolala Khalidiya Abudhabi,1472,1472 C KHALIDIYA TO C MUROOR,Chocolala Khalidiya Abudhabi WH,Chocolala Khalidiya Abudhabi,Chocolala LLC 643223,Chocolala Muroor Abudhabi WH,Chocolala Muroor Abudhabi,Chocolala LLC,Chocolala LLC - 643223
UAE,Chocolala Khalidiya AbudhabiChocolala Nad Al Hamar,Chocolala Khalidiya Abudhabi,1383,1383 Chocolala Khalidiya Abudhabi TO Chocolala Nad Al Hamar,Chocolala Khalidiya Abudhabi WH,Chocolala Khalidiya Abudhabi,Chocolala LLC 643223,Chocolala Nad Al Hamar WH,Chocolala Nad Al Hamar,Chocolala LLC,Chocolala LLC - 643223
UAE,Chocolala Khalidiya AbudhabiChocolala Saudi German DXB,Chocolala Khalidiya Abudhabi,1384,1384 Chocolala Khalidiya Abudhabi TO Chocolala Saudi German ,Chocolala Khalidiya Abudhabi WH,Chocolala Khalidiya Abudhabi,Chocolala LLC 643223,Chocolala Saudi German DXB WH,Chocolala Saudi German DXB,Chocolala LLC,Chocolala LLC - 643223
UAE,Chocolala Khalidiya AbudhabiChocolala UAQ-1,Chocolala Khalidiya Abudhabi,1385,1385 Chocolala Khalidiya Abudhabi TO Chocolala UAQ-1,Chocolala Khalidiya Abudhabi WH,Chocolala Khalidiya Abudhabi,Chocolala LLC 643223,Chocolala UAQ-1 WH,Chocolala UAQ-1,Chocolala LLC,Chocolala LLC - 643223
UAE,Chocolala Khalidiya AbudhabiHMS Al Garhoud Hospital,Chocolala Khalidiya Abudhabi,1386,1386 Chocolala Khalidiya Abudhabi TO HMS Al Garhoud Hospital,Chocolala Khalidiya Abudhabi WH,Chocolala Khalidiya Abudhabi,Chocolala LLC 643223,HMS Al Garhoud Hospital WH,HMS Al Garhoud Hospital,Chocolala LLC,Chocolala LLC - 643223
UAE,Chocolala Khalidiya AbudhabiMadinati Mall Zayed,Chocolala Khalidiya Abudhabi,1471,1471 C KHALIDIYA TO C MADINAT ZAID,Chocolala Khalidiya Abudhabi WH,Chocolala Khalidiya Abudhabi,Chocolala LLC 643223,Madinat Zayed WH,Madinati Mall Zayed,Chocolala LLC,Chocolala LLC - 643223
UAE,Chocolala KhorfakkanChocolala Sharjah 1- Samnan,Chocolala Khorfakkan,1473,1473 C KHORFUGAN TO SHARJAH-1 SAMNAN,Chocolala Khorfakkan WH,Chocolala Khorfakkan,Chocolala LLC Sole Proprietorship,Chocolala Sharjah 1- Samnan WH,Chocolala Sharjah 1- Samnan,Chocolala LLC Sole Proprietorship,Chocolala LLC Sole Proprietorship - 601849
UAE,Chocolala KhorfakkanChocolala Sharjah 2- Al Zhaid,Chocolala Khorfakkan,1387,1387 Chocolala Khorfakkan TO Chocolala Sharjah 2- Al Zhaid,Chocolala Khorfakkan WH,Chocolala Khorfakkan,Chocolala LLC Sole Proprietorship,Chocolala Sharjah 2- Al Zhaid WH,Chocolala Sharjah 2- Al Zhaid,Chocolala LLC Sole Proprietorship,Chocolala LLC Sole Proprietorship - 601849
UAE,Chocolala KhorfakkanChocolala Sharjah 3- Muweiliha,Chocolala Khorfakkan,1474,1474 C KHORFUQAN TO MUWEILA,Chocolala Khorfakkan WH,Chocolala Khorfakkan,Chocolala LLC Sole Proprietorship,Chocolala Sharjah 3- Muweiliha WH,Chocolala Sharjah 3- Muweiliha,Chocolala LLC Sole Proprietorship,Chocolala LLC Sole Proprietorship - 601849
UAE,Chocolala Latifa Hospital DXBChocolala Ajman 2,Chocolala Latifa Hospital DXB,1388,1388 Chocolala Latifa Hospital DXB TO Chocolala Ajman 2,Chocolala Latifa Hospital DXB WH,Chocolala Latifa Hospital DXB,Chocolala LLC 643223,Ajman 2 WH,Chocolala Ajman 2,Chocolala LLC,Chocolala LLC - 643223
UAE,Chocolala Latifa Hospital DXBChocolala Al Ain- 1,Chocolala Latifa Hospital DXB,1389,1389 Chocolala Latifa Hospital DXB TO Chocolala Al Ain- 1,Chocolala Latifa Hospital DXB WH,Chocolala Latifa Hospital DXB,Chocolala LLC 643223,Chocolala Al Ain- 1 WH,Chocolala Al Ain- 1,Chocolala LLC,Chocolala LLC - 643223
UAE,Chocolala Latifa Hospital DXBChocolala Al Ain- 2,Chocolala Latifa Hospital DXB,1390,1390 Chocolala Latifa Hospital DXB TO Chocolala Al Ain- 2,Chocolala Latifa Hospital DXB WH,Chocolala Latifa Hospital DXB,Chocolala LLC 643223,Chocolala Al Ain- 2 WH,Chocolala Al Ain- 2,Chocolala LLC,Chocolala LLC - 643223
UAE,Chocolala Latifa Hospital DXBChocolala Al Ain- 3,Chocolala Latifa Hospital DXB,1391,1391 Chocolala Latifa Hospital DXB TO Chocolala Al Ain- 3,Chocolala Latifa Hospital DXB WH,Chocolala Latifa Hospital DXB,Chocolala LLC 643223,Chocolala Al Ain- 3 WH,Chocolala Al Ain- 3,Chocolala LLC,Chocolala LLC - 643223
UAE,Chocolala Latifa Hospital DXBChocolala Al Warqa DXB,Chocolala Latifa Hospital DXB,1482,1482 C LATIFA TO C WARQA,Chocolala Latifa Hospital DXB WH,Chocolala Latifa Hospital DXB,Chocolala LLC 643223,Chocolala Al Warqa DXB WH,Chocolala Al Warqa DXB,Chocolala LLC,Chocolala LLC - 643223
UAE,Chocolala Latifa Hospital DXBChocolala Arch Mall DXB,Chocolala Latifa Hospital DXB,1478,1478 C LATIFA TO C ARCH MALL,Chocolala Latifa Hospital DXB WH,Chocolala Latifa Hospital DXB,Chocolala LLC 643223,Chocolala Arch Mall DXB WH,Chocolala Arch Mall DXB,Chocolala LLC,Chocolala LLC - 643223
UAE,Chocolala Latifa Hospital DXBChocolala Baniyas Abudhabi,Chocolala Latifa Hospital DXB,1392,1392 Chocolala Latifa Hospital DXB TO Chocolala Baniyas Abud,Chocolala Latifa Hospital DXB WH,Chocolala Latifa Hospital DXB,Chocolala LLC 643223,Chocolala Baniyas Abudhabi WH,Chocolala Baniyas Abudhabi,Chocolala LLC,Chocolala LLC - 643223
UAE,Chocolala Latifa Hospital DXBChocolala Barsha Mall,Chocolala Latifa Hospital DXB,1393,1393 Chocolala Latifa Hospital DXB TO Chocolala Barsha Mall,Chocolala Latifa Hospital DXB WH,Chocolala Latifa Hospital DXB,Chocolala LLC 643223,Chocolala Barsha Mall WH,Chocolala Barsha Mall,Chocolala LLC,Chocolala LLC - 643223
UAE,Chocolala Latifa Hospital DXBChocolala Burjeel Abudhabi,Chocolala Latifa Hospital DXB,1394,1394 Chocolala Latifa Hospital DXB TO Chocolala Burjeel Abud,Chocolala Latifa Hospital DXB WH,Chocolala Latifa Hospital DXB,Chocolala LLC 643223,Chocolala Burjeel Abudhabi WH,Chocolala Burjeel Abudhabi,Chocolala LLC,Chocolala LLC - 643223
UAE,Chocolala Latifa Hospital DXBChocolala Ethihad Mall DXB,Chocolala Latifa Hospital DXB,1475,1475 C Latifa Hospital to C Etihad Mall,Chocolala Latifa Hospital DXB WH,Chocolala Latifa Hospital DXB,Chocolala LLC 643223,Chocolala Ethihad Mall DXB WH,Chocolala Ethihad Mall DXB,Chocolala LLC,Chocolala LLC - 643223
UAE,Chocolala Latifa Hospital DXBChocolala Forsan Abudhabi,Chocolala Latifa Hospital DXB,1395,1395 Chocolala Latifa Hospital DXB TO Chocolala Forsan Abudh,Chocolala Latifa Hospital DXB WH,Chocolala Latifa Hospital DXB,Chocolala LLC 643223,Chocolala Forsan Abudhabi WH,Chocolala Forsan Abudhabi,Chocolala LLC,Chocolala LLC - 643223
UAE,Chocolala Latifa Hospital DXBChocolala Khalidiya Abudhabi,Chocolala Latifa Hospital DXB,1476,1476 C LATIFA HOSPITAL TO C KHALIDIYA,Chocolala Latifa Hospital DXB WH,Chocolala Latifa Hospital DXB,Chocolala LLC 643223,Chocolala Khalidiya Abudhabi WH,Chocolala Khalidiya Abudhabi,Chocolala LLC,Chocolala LLC - 643223
UAE,Chocolala Latifa Hospital DXBChocolala Muroor Abudhabi,Chocolala Latifa Hospital DXB,1479,1479 C LATIFA TO C MUROOR,Chocolala Latifa Hospital DXB WH,Chocolala Latifa Hospital DXB,Chocolala LLC 643223,Chocolala Muroor Abudhabi WH,Chocolala Muroor Abudhabi,Chocolala LLC,Chocolala LLC - 643223
UAE,Chocolala Latifa Hospital DXBChocolala Nad Al Hamar,Chocolala Latifa Hospital DXB,1480,1480 C LATIFA TO C NAD AL HAMAR,Chocolala Latifa Hospital DXB WH,Chocolala Latifa Hospital DXB,Chocolala LLC 643223,Chocolala Nad Al Hamar WH,Chocolala Nad Al Hamar,Chocolala LLC,Chocolala LLC - 643223
UAE,Chocolala Latifa Hospital DXBChocolala Saudi German DXB,Chocolala Latifa Hospital DXB,1481,1481 C Latifa to C Saudi German,Chocolala Latifa Hospital DXB WH,Chocolala Latifa Hospital DXB,Chocolala LLC 643223,Chocolala Saudi German DXB WH,Chocolala Saudi German DXB,Chocolala LLC,Chocolala LLC - 643223
UAE,Chocolala Latifa Hospital DXBChocolala UAQ-1,Chocolala Latifa Hospital DXB,1396,1396 Chocolala Latifa Hospital DXB TO Chocolala UAQ-1,Chocolala Latifa Hospital DXB WH,Chocolala Latifa Hospital DXB,Chocolala LLC 643223,Chocolala UAQ-1 WH,Chocolala UAQ-1,Chocolala LLC,Chocolala LLC - 643223
UAE,Chocolala Latifa Hospital DXBHMS Al Garhoud Hospital,Chocolala Latifa Hospital DXB,1397,1397 Chocolala Latifa Hospital DXB TO HMS Al Garhoud Hospita,Chocolala Latifa Hospital DXB WH,Chocolala Latifa Hospital DXB,Chocolala LLC 643223,HMS Al Garhoud Hospital WH,HMS Al Garhoud Hospital,Chocolala LLC,Chocolala LLC - 643223
UAE,Chocolala Latifa Hospital DXBMadinati Mall Zayed,Chocolala Latifa Hospital DXB,1398,1398 Chocolala Latifa Hospital DXB TO Madinati Mall Zayed,Chocolala Latifa Hospital DXB WH,Chocolala Latifa Hospital DXB,Chocolala LLC 643223,Madinat Zayed WH,Madinati Mall Zayed,Chocolala LLC,Chocolala LLC - 643223
UAE,Chocolala Muroor AbudhabiChocolala Ajman 2,Chocolala Muroor Abudhabi,1492,1492 C Muroor to C Ajman 2,Chocolala Muroor Abudhabi WH,Chocolala Muroor Abudhabi,Chocolala LLC 643223,Ajman 2 WH,Chocolala Ajman 2,Chocolala LLC,Chocolala LLC - 643223
UAE,Chocolala Muroor AbudhabiChocolala Ajman City Center,Chocolala Muroor Abudhabi,1493,1493 C MUROOR TO C AJMAN CITY CENTER,Chocolala Muroor Abudhabi WH,Chocolala Muroor Abudhabi,Chocolala LLC 643223,Chocolala Ajman City Center WH,Chocolala Ajman City Center,Chocolala LLC,Chocolala LLC - 643223
UAE,Chocolala Muroor AbudhabiChocolala Al Ain- 1,Chocolala Muroor Abudhabi,1494,1494 C Muroor to C Al Ain- 1,Chocolala Muroor Abudhabi WH,Chocolala Muroor Abudhabi,Chocolala LLC 643223,Chocolala Al Ain- 1 WH,Chocolala Al Ain- 1,Chocolala LLC,Chocolala LLC - 643223
UAE,Chocolala Muroor AbudhabiChocolala Al Ain- 2,Chocolala Muroor Abudhabi,1495,1495 C Muroor to C Al Ain- 2,Chocolala Muroor Abudhabi WH,Chocolala Muroor Abudhabi,Chocolala LLC 643223,Chocolala Al Ain- 2 WH,Chocolala Al Ain- 2,Chocolala LLC,Chocolala LLC - 643223
UAE,Chocolala Muroor AbudhabiChocolala Al Ain- 3,Chocolala Muroor Abudhabi,1496,1496 C Muroor to C Al Ain- 3,Chocolala Muroor Abudhabi WH,Chocolala Muroor Abudhabi,Chocolala LLC 643223,Chocolala Al Ain- 3 WH,Chocolala Al Ain- 3,Chocolala LLC,Chocolala LLC - 643223
UAE,Chocolala Muroor AbudhabiChocolala Al Warqa DXB,Chocolala Muroor Abudhabi,1497,1497 C Muroor to C Al Warqa DXB,Chocolala Muroor Abudhabi WH,Chocolala Muroor Abudhabi,Chocolala LLC 643223,Chocolala Al Warqa DXB WH,Chocolala Al Warqa DXB,Chocolala LLC,Chocolala LLC - 643223
UAE,Chocolala Muroor AbudhabiChocolala Arch Mall DXB,Chocolala Muroor Abudhabi,1498,1498 C Muroor to C Arch Mall,Chocolala Muroor Abudhabi WH,Chocolala Muroor Abudhabi,Chocolala LLC 643223,Chocolala Arch Mall DXB WH,Chocolala Arch Mall DXB,Chocolala LLC,Chocolala LLC - 643223
UAE,Chocolala Muroor AbudhabiChocolala Baniyas Abudhabi,Chocolala Muroor Abudhabi,1499,1499 C MUROOR TO C BANIYAS,Chocolala Muroor Abudhabi WH,Chocolala Muroor Abudhabi,Chocolala LLC 643223,Chocolala Baniyas Abudhabi WH,Chocolala Baniyas Abudhabi,Chocolala LLC,Chocolala LLC - 643223
UAE,Chocolala Muroor AbudhabiChocolala Barsha Mall,Chocolala Muroor Abudhabi,1500,1500 C MUROOR TO C BARSHA,Chocolala Muroor Abudhabi WH,Chocolala Muroor Abudhabi,Chocolala LLC 643223,Chocolala Barsha Mall WH,Chocolala Barsha Mall,Chocolala LLC,Chocolala LLC - 643223
UAE,Chocolala Muroor AbudhabiChocolala Burjeel Abudhabi,Chocolala Muroor Abudhabi,1490,1490 C Muroor Abudhabi to C Burjeel Abudhabi,Chocolala Muroor Abudhabi WH,Chocolala Muroor Abudhabi,Chocolala LLC 643223,Chocolala Burjeel Abudhabi WH,Chocolala Burjeel Abudhabi,Chocolala LLC,Chocolala LLC - 643223
UAE,Chocolala Muroor AbudhabiChocolala Ethihad Mall DXB,Chocolala Muroor Abudhabi,1491,1491 C MUROOR C ETIHAD,Chocolala Muroor Abudhabi WH,Chocolala Muroor Abudhabi,Chocolala LLC 643223,Chocolala Ethihad Mall DXB WH,Chocolala Ethihad Mall DXB,Chocolala LLC,Chocolala LLC - 643223
UAE,Chocolala Muroor AbudhabiChocolala Forsan Abudhabi,Chocolala Muroor Abudhabi,1502,1502 C MUROOR TO C FORSAN,Chocolala Muroor Abudhabi WH,Chocolala Muroor Abudhabi,Chocolala LLC 643223,Chocolala Forsan Abudhabi WH,Chocolala Forsan Abudhabi,Chocolala LLC,Chocolala LLC - 643223
UAE,Chocolala Muroor AbudhabiChocolala Khalidiya Abudhabi,Chocolala Muroor Abudhabi,1503,1503 C MUROOR TO C KHALEDIYAH,Chocolala Muroor Abudhabi WH,Chocolala Muroor Abudhabi,Chocolala LLC 643223,Chocolala Khalidiya Abudhabi WH,Chocolala Khalidiya Abudhabi,Chocolala LLC,Chocolala LLC - 643223
UAE,Chocolala Muroor AbudhabiChocolala Khalidiya Abudhabi,Chocolala Muroor Abudhabi,1669,1669 MUROOR TO KHALEDIYAH,Chocolala Muroor Abudhabi WH,Chocolala Muroor Abudhabi,Chocolala LLC 643223,Chocolala Khalidiya Abudhabi WH,Chocolala Khalidiya Abudhabi,Chocolala LLC,Chocolala LLC - 643223
UAE,Chocolala Muroor AbudhabiChocolala Latifa Hospital DXB,Chocolala Muroor Abudhabi,1410,1410 Chocolala Muroor Abudhabi TO Chocolala Latifa Hospital ,Chocolala Muroor Abudhabi WH,Chocolala Muroor Abudhabi,Chocolala LLC 643223,Chocolala Latifa Hospital DXB WH,Chocolala Latifa Hospital DXB,Chocolala LLC,Chocolala LLC - 643223
UAE,Chocolala Muroor AbudhabiChocolala Nad Al Hamar,Chocolala Muroor Abudhabi,1505,1505 C Muroor to C Nad Al Hamar,Chocolala Muroor Abudhabi WH,Chocolala Muroor Abudhabi,Chocolala LLC 643223,Chocolala Nad Al Hamar WH,Chocolala Nad Al Hamar,Chocolala LLC,Chocolala LLC - 643223
UAE,Chocolala Muroor AbudhabiChocolala Saudi German DXB,Chocolala Muroor Abudhabi,1411,1411 Chocolala Muroor Abudhabi TO Chocolala Saudi German DXB,Chocolala Muroor Abudhabi WH,Chocolala Muroor Abudhabi,Chocolala LLC 643223,Chocolala Saudi German DXB WH,Chocolala Saudi German DXB,Chocolala LLC,Chocolala LLC - 643223
UAE,Chocolala Muroor AbudhabiChocolala UAQ-1,Chocolala Muroor Abudhabi,1412,1412 Chocolala Muroor Abudhabi TO Chocolala UAQ-1,Chocolala Muroor Abudhabi WH,Chocolala Muroor Abudhabi,Chocolala LLC 643223,Chocolala UAQ-1 WH,Chocolala UAQ-1,Chocolala LLC,Chocolala LLC - 643223
UAE,Chocolala Muroor AbudhabiHMS Al Garhoud Hospital,Chocolala Muroor Abudhabi,1413,1413 Chocolala Muroor Abudhabi TO HMS Al Garhoud Hospital,Chocolala Muroor Abudhabi WH,Chocolala Muroor Abudhabi,Chocolala LLC 643223,HMS Al Garhoud Hospital WH,HMS Al Garhoud Hospital,Chocolala LLC,Chocolala LLC - 643223
UAE,Chocolala Muroor AbudhabiMadinati Mall Zayed,Chocolala Muroor Abudhabi,1504,1504 C MUROOR TO C MADINAT ZAID,Chocolala Muroor Abudhabi WH,Chocolala Muroor Abudhabi,Chocolala LLC 643223,Madinat Zayed WH,Madinati Mall Zayed,Chocolala LLC,Chocolala LLC - 643223
UAE,Chocolala Nad Al HamarChocolala Ajman 2,Chocolala Nad Al Hamar,1509,1509 C Nad Al Hamar to C Ajman 2,Chocolala Nad Al Hamar WH,Chocolala Nad Al Hamar,Chocolala LLC 643223,Ajman 2 WH,Chocolala Ajman 2,Chocolala LLC,Chocolala LLC - 643223
UAE,Chocolala Nad Al HamarChocolala Ajman City Center,Chocolala Nad Al Hamar,1510,1510 C Nad Al Hamar to C Ajman City Center,Chocolala Nad Al Hamar WH,Chocolala Nad Al Hamar,Chocolala LLC 643223,Chocolala Ajman City Center WH,Chocolala Ajman City Center,Chocolala LLC,Chocolala LLC - 643223
UAE,Chocolala Nad Al HamarChocolala Al Ain- 1,Chocolala Nad Al Hamar,1419,1419 Chocolala Nad Al Hamar TO Chocolala Al Ain- 1,Chocolala Nad Al Hamar WH,Chocolala Nad Al Hamar,Chocolala LLC 643223,Chocolala Al Ain- 1 WH,Chocolala Al Ain- 1,Chocolala LLC,Chocolala LLC - 643223
UAE,Chocolala Al Ain- 2Chocolala Al Ain- 2,Chocolala Nad Al Hamar,1420,1420 Chocolala Nad Al Hamar TO Chocolala Al Ain- 2,Chocolala Al Ain- 2 WH,Chocolala Al Ain- 2,Chocolala LLC 643223,Chocolala Al Ain- 2 WH,Chocolala Al Ain- 2,Chocolala LLC,Chocolala LLC - 643223
UAE,Chocolala Nad Al HamarChocolala Al Ain- 3,Chocolala Nad Al Hamar,1421,1421 Chocolala Nad Al Hamar TO Chocolala Al Ain- 3,Chocolala Nad Al Hamar WH,Chocolala Nad Al Hamar,Chocolala LLC 643223,Chocolala Al Ain- 3 WH,Chocolala Al Ain- 3,Chocolala LLC,Chocolala LLC - 643223
UAE,Chocolala Nad Al HamarChocolala Al Warqa DXB,Chocolala Nad Al Hamar,1511,1511 C NAD AL HAMAR TO C AL WARQA,Chocolala Nad Al Hamar WH,Chocolala Nad Al Hamar,Chocolala LLC 643223,Chocolala Al Warqa DXB WH,Chocolala Al Warqa DXB,Chocolala LLC,Chocolala LLC - 643223
UAE,Chocolala Nad Al HamarChocolala Arch Mall DXB,Chocolala Nad Al Hamar,1512,1512 C NAD AL HAMAR TO C ARCH MALL,Chocolala Nad Al Hamar WH,Chocolala Nad Al Hamar,Chocolala LLC 643223,Chocolala Arch Mall DXB WH,Chocolala Arch Mall DXB,Chocolala LLC,Chocolala LLC - 643223
UAE,Chocolala Nad Al HamarChocolala Baniyas Abudhabi,Chocolala Nad Al Hamar,1422,1422 Chocolala Nad Al Hamar TO Chocolala Baniyas Abudhabi,Chocolala Nad Al Hamar WH,Chocolala Nad Al Hamar,Chocolala LLC 643223,Chocolala Baniyas Abudhabi WH,Chocolala Baniyas Abudhabi,Chocolala LLC,Chocolala LLC - 643223
UAE,Chocolala Nad Al HamarChocolala Barsha Mall,Chocolala Nad Al Hamar,1513,1513 C NAD AL HAMAR TO C BARSHA,Chocolala Nad Al Hamar WH,Chocolala Nad Al Hamar,Chocolala LLC 643223,Chocolala Barsha Mall WH,Chocolala Barsha Mall,Chocolala LLC,Chocolala LLC - 643223
UAE,Chocolala Nad Al HamarChocolala Burjeel Abudhabi,Chocolala Nad Al Hamar,1514,1514 C Nad Al Hamar to C Burjeel Hospital,Chocolala Nad Al Hamar WH,Chocolala Nad Al Hamar,Chocolala LLC 643223,Chocolala Burjeel Abudhabi WH,Chocolala Burjeel Abudhabi,Chocolala LLC,Chocolala LLC - 643223
UAE,Chocolala Nad Al HamarChocolala Ethihad Mall DXB,Chocolala Nad Al Hamar,1515,1515 C NAD AL HAMAR TO C ETHIHAD,Chocolala Nad Al Hamar WH,Chocolala Nad Al Hamar,Chocolala LLC 643223,Chocolala Ethihad Mall DXB WH,Chocolala Ethihad Mall DXB,Chocolala LLC,Chocolala LLC - 643223
UAE,Chocolala Nad Al HamarChocolala Latifa Hospital DXB,Chocolala Nad Al Hamar,1519,1519 C NAD AL HAMAR TO LATIFA,Chocolala Nad Al Hamar WH,Chocolala Nad Al Hamar,Chocolala LLC 643223,Chocolala Latifa Hospital DXB WH,Chocolala Latifa Hospital DXB,Chocolala LLC,Chocolala LLC - 643223
UAE,Chocolala Nad Al HamarChocolala Muroor Abudhabi,Chocolala Nad Al Hamar,1423,1423 Chocolala Nad Al Hamar TO Chocolala Muroor Abudhabi,Chocolala Nad Al Hamar WH,Chocolala Nad Al Hamar,Chocolala LLC 643223,Chocolala Muroor Abudhabi WH,Chocolala Muroor Abudhabi,Chocolala LLC,Chocolala LLC - 643223
UAE,Chocolala Nad Al HamarChocolala Saudi German DXB,Chocolala Nad Al Hamar,1518,1518 C Nad Al Hamar to C Saudi German,Chocolala Nad Al Hamar WH,Chocolala Nad Al Hamar,Chocolala LLC 643223,Chocolala Saudi German DXB WH,Chocolala Saudi German DXB,Chocolala LLC,Chocolala LLC - 643223
UAE,Chocolala Nad Al HamarChocolala UAQ-1,Chocolala Nad Al Hamar,1508,1508 C Nad Al Hamar C UAQ-1,Chocolala Nad Al Hamar WH,Chocolala Nad Al Hamar,Chocolala LLC 643223,Chocolala UAQ-1 WH,Chocolala UAQ-1,Chocolala LLC,Chocolala LLC - 643223
UAE,Chocolala Nad Al HamarHMS Al Garhoud Hospital,Chocolala Nad Al Hamar,1680,1680 Nad Al Hamar to HMS Al Garhoud Hospital,Chocolala Nad Al Hamar WH,Chocolala Nad Al Hamar,Chocolala LLC 643223,HMS Al Garhoud Hospital WH,HMS Al Garhoud Hospital,Chocolala LLC,Chocolala LLC - 643223
UAE,Chocolala Nad Al HamarMadinati Mall Zayed,Chocolala Nad Al Hamar,1424,1424 Chocolala Nad Al Hamar TO Madinati Mall Zayed,Chocolala Nad Al Hamar WH,Chocolala Nad Al Hamar,Chocolala LLC 643223,Madinat Zayed WH,Madinati Mall Zayed,Chocolala LLC,Chocolala LLC - 643223
UAE,Chocolala RAK 1- CornicheChocolala RAK2- Gulf Round About,Chocolala RAK 1- Corniche,1521,1521 C RAK-1 TO C RAK-2,Chocolala RAK 1- Corniche WH,Chocolala RAK 1- Corniche,Chocolala LLC One Person,Chocolala RAK2- Gulf Round About WH,Chocolala RAK2- Gulf Round About,Chocolala LLC One Person,Chocolala LLC One Person - 26471
UAE,Chocolala RAK 1- CornicheChocolala RAK3-Saqr Hospital,Chocolala RAK 1- Corniche,1767,1767 RAK 1 TO RAK 3,Chocolala RAK 1- Corniche WH,Chocolala RAK 1- Corniche,Chocolala LLC One Person,Chocolala RAK3-Saqr Hospital WH,Chocolala RAK3-Saqr Hospital,Chocolala LLC One Person,Chocolala LLC One Person - 26471
UAE,Chocolala RAK 1- CornicheChocolala RAK4- Al Dhait,Chocolala RAK 1- Corniche,1522,1522 C RAK-1 TO C RAK-4,Chocolala RAK 1- Corniche WH,Chocolala RAK 1- Corniche,Chocolala LLC One Person,Chocolala RAK4- Al Dhait WH,Chocolala RAK4- Al Dhait,Chocolala LLC One Person,Chocolala LLC One Person - 26471
UAE,Chocolala RAK2- Gulf Round AboutChocolala RAK 1- Corniche,Chocolala RAK2- Gulf Round About,1524,1524 C RAK-2 TO C RAK-1,Chocolala RAK2- Gulf Round About WH,Chocolala RAK2- Gulf Round About,Chocolala LLC One Person,Chocolala RAK 1- Corniche WH,Chocolala RAK 1- Corniche,Chocolala LLC One Person,Chocolala LLC One Person - 26471
UAE,Chocolala RAK2- Gulf Round AboutChocolala RAK3-Saqr Hospital,Chocolala RAK2- Gulf Round About,1525,1525 C RAK-2 TO C RAK-3,Chocolala RAK2- Gulf Round About WH,Chocolala RAK2- Gulf Round About,Chocolala LLC One Person,Chocolala RAK3-Saqr Hospital WH,Chocolala RAK3-Saqr Hospital,Chocolala LLC One Person,Chocolala LLC One Person - 26471
UAE,Chocolala RAK2- Gulf Round AboutChocolala RAK4- Al Dhait,Chocolala RAK2- Gulf Round About,1526,1526 C RAK-2 TO C RAK-4,Chocolala RAK2- Gulf Round About WH,Chocolala RAK2- Gulf Round About,Chocolala LLC One Person,Chocolala RAK4- Al Dhait WH,Chocolala RAK4- Al Dhait,Chocolala LLC One Person,Chocolala LLC One Person - 26471
UAE,Chocolala RAK2- Gulf Round AboutChocolala Rams,Chocolala RAK2- Gulf Round About,1527,1527 C RAK-2 TO C RAMS(RAK-5),Chocolala RAK2- Gulf Round About WH,Chocolala RAK2- Gulf Round About,Chocolala LLC One Person,Chocolala Rams WH,Chocolala Rams,Chocolala LLC One Person,Chocolala LLC One Person - 26471
UAE,Chocolala RAK3-Saqr HospitalChocolala RAK 1- Corniche,Chocolala RAK3-Saqr Hospital,1768,1768 RAK 3 TO RAK 1,Chocolala RAK3-Saqr Hospital WH,Chocolala RAK3-Saqr Hospital,Chocolala LLC One Person,Chocolala RAK 1- Corniche WH,Chocolala RAK 1- Corniche,Chocolala LLC One Person,Chocolala LLC One Person - 26471
UAE,Chocolala RAK3-Saqr HospitalChocolala RAK2- Gulf Round About,Chocolala RAK3-Saqr Hospital,1528,1528 C RAK 3 TO C RAK 2,Chocolala RAK3-Saqr Hospital WH,Chocolala RAK3-Saqr Hospital,Chocolala LLC One Person,Chocolala RAK2- Gulf Round About WH,Chocolala RAK2- Gulf Round About,Chocolala LLC One Person,Chocolala LLC One Person - 26471
UAE,Chocolala RAK3-Saqr HospitalChocolala Rams,Chocolala RAK3-Saqr Hospital,1529,1529 C RAK 3 to C Rak 5,Chocolala RAK3-Saqr Hospital WH,Chocolala RAK3-Saqr Hospital,Chocolala LLC One Person,Chocolala Rams WH,Chocolala Rams,Chocolala LLC One Person,Chocolala LLC One Person - 26471
UAE,Chocolala Al KhoudAl-Amirat,Chocolala RAK4- Al Dhait,1301,1301 Chocolala Al Khoud TO Al-Amirat,Chocolala Al Khoud WH,Chocolala Al Khoud,ALABSI AND PARTNERS TRADING,Al Amirat WH,Al-Amirat,ALABSI AND PARTNERS TRADING,ALABSI AND PARTNERS TRADING
UAE,Chocolala RAK4- Al DhaitChocolala RAK 1- Corniche,Chocolala RAK4- Al Dhait,1530,1530 C RAK 4 TO C RAK 1,Chocolala RAK4- Al Dhait WH,Chocolala RAK4- Al Dhait,Chocolala LLC One Person,Chocolala RAK 1- Corniche WH,Chocolala RAK 1- Corniche,Chocolala LLC One Person,Chocolala LLC One Person - 26471
UAE,Chocolala RAK4- Al DhaitChocolala RAK2- Gulf Round About,Chocolala RAK4- Al Dhait,1531,1531 C RAK-4 TO C RAK-2,Chocolala RAK4- Al Dhait WH,Chocolala RAK4- Al Dhait,Chocolala LLC One Person,Chocolala RAK2- Gulf Round About WH,Chocolala RAK2- Gulf Round About,Chocolala LLC One Person,Chocolala LLC One Person - 26471
UAE,Chocolala RAK4- Al DhaitChocolala RAK3-Saqr Hospital,Chocolala RAK4- Al Dhait,1770,1770 RAK - 4 TO RAK - 3,Chocolala RAK4- Al Dhait WH,Chocolala RAK4- Al Dhait,Chocolala LLC One Person,Chocolala RAK3-Saqr Hospital WH,Chocolala RAK3-Saqr Hospital,Chocolala LLC One Person,Chocolala LLC One Person - 26471
UAE,Chocolala RAK4- Al DhaitChocolala Rams,Chocolala RAK4- Al Dhait,1532,1532 C RAK4 to C Rams (RAK-5),Chocolala RAK4- Al Dhait WH,Chocolala RAK4- Al Dhait,Chocolala LLC One Person,Chocolala Rams WH,Chocolala Rams,Chocolala LLC One Person,Chocolala LLC One Person - 26471
UAE,Chocolala RamsChocolala RAK 1- Corniche,Chocolala Rams,1771,1771 RAK5 TO RAK1,Chocolala Rams WH,Chocolala Rams,Chocolala LLC One Person,Chocolala RAK 1- Corniche WH,Chocolala RAK 1- Corniche,Chocolala LLC One Person,Chocolala LLC One Person - 26471
UAE,Chocolala RamsChocolala RAK2- Gulf Round About,Chocolala Rams,1772,1772 RAK-5 TO RAK -2,Chocolala Rams WH,Chocolala Rams,Chocolala LLC One Person,Chocolala RAK2- Gulf Round About WH,Chocolala RAK2- Gulf Round About,Chocolala LLC One Person,Chocolala LLC One Person - 26471
UAE,Chocolala RamsChocolala RAK3-Saqr Hospital,Chocolala Rams,1533,1533 C RAK 5 TO C RAK 3,Chocolala Rams WH,Chocolala Rams,Chocolala LLC One Person,Chocolala RAK3-Saqr Hospital WH,Chocolala RAK3-Saqr Hospital,Chocolala LLC One Person,Chocolala LLC One Person - 26471
UAE,Chocolala RamsChocolala RAK4- Al Dhait,Chocolala Rams,1773,1773 RAMS (RAK 5) TO RAK 4,Chocolala Rams WH,Chocolala Rams,Chocolala LLC One Person,Chocolala RAK4- Al Dhait WH,Chocolala RAK4- Al Dhait,Chocolala LLC One Person,Chocolala LLC One Person - 26471
UAE,Chocolala Saudi German DXBChocolala Ajman 2,Chocolala Saudi German DXB,1425,1425 Chocolala Saudi German DXB TO Chocolala Ajman 2,Chocolala Saudi German DXB WH,Chocolala Saudi German DXB,Chocolala LLC 643223,Ajman 2 WH,Chocolala Ajman 2,Chocolala LLC,Chocolala LLC - 643223
UAE,Chocolala Saudi German DXBChocolala Ajman City Center,Chocolala Saudi German DXB,1822,1822 SGH to Ajman City Center,Chocolala Saudi German DXB WH,Chocolala Saudi German DXB,Chocolala LLC 643223,Chocolala Ajman City Center WH,Chocolala Ajman City Center,Chocolala LLC,Chocolala LLC - 643223
UAE,Chocolala Saudi German DXBChocolala Al Ain- 1,Chocolala Saudi German DXB,1426,1426 Chocolala Saudi German DXB TO Chocolala Al Ain- 1,Chocolala Saudi German DXB WH,Chocolala Saudi German DXB,Chocolala LLC 643223,Chocolala Al Ain- 1 WH,Chocolala Al Ain- 1,Chocolala LLC,Chocolala LLC - 643223
UAE,Chocolala Saudi German DXBChocolala Al Ain- 2,Chocolala Saudi German DXB,1427,1427 Chocolala Saudi German DXB TO Chocolala Al Ain- 2,Chocolala Saudi German DXB WH,Chocolala Saudi German DXB,Chocolala LLC 643223,Chocolala Al Ain- 2 WH,Chocolala Al Ain- 2,Chocolala LLC,Chocolala LLC - 643223
UAE,Chocolala Saudi German DXBChocolala Al Ain- 3,Chocolala Saudi German DXB,1428,1428 Chocolala Saudi German DXB TO Chocolala Al Ain- 3,Chocolala Saudi German DXB WH,Chocolala Saudi German DXB,Chocolala LLC 643223,Chocolala Al Ain- 3 WH,Chocolala Al Ain- 3,Chocolala LLC,Chocolala LLC - 643223
UAE,Chocolala Saudi German DXBChocolala Al Warqa DXB,Chocolala Saudi German DXB,1823,1823 SGH TO AL WARQA,Chocolala Saudi German DXB WH,Chocolala Saudi German DXB,Chocolala LLC 643223,Chocolala Al Warqa DXB WH,Chocolala Al Warqa DXB,Chocolala LLC,Chocolala LLC - 643223
UAE,Chocolala Saudi German DXBChocolala Arch Mall DXB,Chocolala Saudi German DXB,1536,1536 C SGH TO C ARCH MALL,Chocolala Saudi German DXB WH,Chocolala Saudi German DXB,Chocolala LLC 643223,Chocolala Arch Mall DXB WH,Chocolala Arch Mall DXB,Chocolala LLC,Chocolala LLC - 643223
UAE,Chocolala Saudi German DXBChocolala Baniyas Abudhabi,Chocolala Saudi German DXB,1429,1429 Chocolala Saudi German DXB TO Chocolala Baniyas Abudhab,Chocolala Saudi German DXB WH,Chocolala Saudi German DXB,Chocolala LLC 643223,Chocolala Baniyas Abudhabi WH,Chocolala Baniyas Abudhabi,Chocolala LLC,Chocolala LLC - 643223
UAE,Chocolala Saudi German DXBChocolala Barsha Mall,Chocolala Saudi German DXB,1534,1534 C Saudi German to C Barsha Mall,Chocolala Saudi German DXB WH,Chocolala Saudi German DXB,Chocolala LLC 643223,Chocolala Barsha Mall WH,Chocolala Barsha Mall,Chocolala LLC,Chocolala LLC - 643223
UAE,Chocolala Saudi German DXBChocolala Burjeel Abudhabi,Chocolala Saudi German DXB,1430,1430 Chocolala Saudi German DXB TO Chocolala Burjeel Abudhab,Chocolala Saudi German DXB WH,Chocolala Saudi German DXB,Chocolala LLC 643223,Chocolala Burjeel Abudhabi WH,Chocolala Burjeel Abudhabi,Chocolala LLC,Chocolala LLC - 643223
UAE,Chocolala Saudi German DXBChocolala Ethihad Mall DXB,Chocolala Saudi German DXB,1431,1431 Chocolala Saudi German DXB TO Chocolala Ethihad Mall DX,Chocolala Saudi German DXB WH,Chocolala Saudi German DXB,Chocolala LLC 643223,Chocolala Ethihad Mall DXB WH,Chocolala Ethihad Mall DXB,Chocolala LLC,Chocolala LLC - 643223
UAE,Chocolala Saudi German DXBChocolala Forsan Abudhabi,Chocolala Saudi German DXB,1432,1432 Chocolala Saudi German DXB TO Chocolala Forsan Abudhabi,Chocolala Saudi German DXB WH,Chocolala Saudi German DXB,Chocolala LLC 643223,Chocolala Forsan Abudhabi WH,Chocolala Forsan Abudhabi,Chocolala LLC,Chocolala LLC - 643223
UAE,Chocolala Saudi German DXBChocolala Khalidiya Abudhabi,Chocolala Saudi German DXB,1433,1433 Chocolala Saudi German DXB TO Chocolala Khalidiya Abudh,Chocolala Saudi German DXB WH,Chocolala Saudi German DXB,Chocolala LLC 643223,Chocolala Khalidiya Abudhabi WH,Chocolala Khalidiya Abudhabi,Chocolala LLC,Chocolala LLC - 643223
UAE,Chocolala Saudi German DXBChocolala Latifa Hospital DXB,Chocolala Saudi German DXB,1825,1825 SGH TO LATIFA,Chocolala Saudi German DXB WH,Chocolala Saudi German DXB,Chocolala LLC 643223,Chocolala Latifa Hospital DXB WH,Chocolala Latifa Hospital DXB,Chocolala LLC,Chocolala LLC - 643223
UAE,Chocolala Saudi German DXBChocolala Muroor Abudhabi,Chocolala Saudi German DXB,1434,1434 Chocolala Saudi German DXB TO Chocolala Muroor Abudhabi,Chocolala Saudi German DXB WH,Chocolala Saudi German DXB,Chocolala LLC 643223,Chocolala Muroor Abudhabi WH,Chocolala Muroor Abudhabi,Chocolala LLC,Chocolala LLC - 643223
UAE,Chocolala Saudi German DXBChocolala Nad Al Hamar,Chocolala Saudi German DXB,1824,1824 SGH TO C NAD AL HAMAR,Chocolala Saudi German DXB WH,Chocolala Saudi German DXB,Chocolala LLC 643223,Chocolala Nad Al Hamar WH,Chocolala Nad Al Hamar,Chocolala LLC,Chocolala LLC - 643223
UAE,Chocolala Saudi German DXBChocolala UAQ-1,Chocolala Saudi German DXB,1826,1826 SGH TO UAQ1,Chocolala Saudi German DXB WH,Chocolala Saudi German DXB,Chocolala LLC 643223,Chocolala UAQ-1 WH,Chocolala UAQ-1,Chocolala LLC,Chocolala LLC - 643223
UAE,Chocolala Saudi German DXBHMS Al Garhoud Hospital,Chocolala Saudi German DXB,1537,1537 C SGH to C HMS Al Garhoud Hospital,Chocolala Saudi German DXB WH,Chocolala Saudi German DXB,Chocolala LLC 643223,HMS Al Garhoud Hospital WH,HMS Al Garhoud Hospital,Chocolala LLC,Chocolala LLC - 643223
UAE,Chocolala Saudi German DXBMadinati Mall Zayed,Chocolala Saudi German DXB,1435,1435 Chocolala Saudi German DXB TO Madinati Mall Zayed,Chocolala Saudi German DXB WH,Chocolala Saudi German DXB,Chocolala LLC 643223,Madinat Zayed WH,Madinati Mall Zayed,Chocolala LLC,Chocolala LLC - 643223
UAE,Chocolala Sharjah 1- SamnanChocolala Khorfakkan,Chocolala Sharjah 1- Samnan,1804,1804 SAMNAN TO KHORFUQAN,Chocolala Sharjah 1- Samnan WH,Chocolala Sharjah 1- Samnan,Chocolala LLC Sole Proprietorship,Chocolala Khorfakkan WH,Chocolala Khorfakkan,Chocolala LLC Sole Proprietorship,Chocolala LLC Sole Proprietorship - 601849
UAE,Chocolala Sharjah 1- SamnanChocolala Sharjah 2- Al Zhaid,Chocolala Sharjah 1- Samnan,1436,1436 Chocolala Sharjah 1- Samnan TO Chocolala Sharjah 2- Al ,Chocolala Sharjah 1- Samnan WH,Chocolala Sharjah 1- Samnan,Chocolala LLC Sole Proprietorship,Chocolala Sharjah 2- Al Zhaid WH,Chocolala Sharjah 2- Al Zhaid,Chocolala LLC Sole Proprietorship,Chocolala LLC Sole Proprietorship - 601849
UAE,Chocolala Sharjah 1- SamnanChocolala Sharjah 3- Muweiliha,Chocolala Sharjah 1- Samnan,1538,1538 C SHARJAH1 TO C SHARJAH3,Chocolala Sharjah 1- Samnan WH,Chocolala Sharjah 1- Samnan,Chocolala LLC Sole Proprietorship,Chocolala Sharjah 3- Muweiliha WH,Chocolala Sharjah 3- Muweiliha,Chocolala LLC Sole Proprietorship,Chocolala LLC Sole Proprietorship - 601849
UAE,Chocolala Sharjah 2- Al ZhaidChocolala Khorfakkan,Chocolala Sharjah 2- Al Zhaid,1437,1437 Chocolala Sharjah 2- Al Zhaid TO Chocolala Khorfakkan,Chocolala Sharjah 2- Al Zhaid WH,Chocolala Sharjah 2- Al Zhaid,Chocolala LLC Sole Proprietorship,Chocolala Khorfakkan WH,Chocolala Khorfakkan,Chocolala LLC Sole Proprietorship,Chocolala LLC Sole Proprietorship - 601849
UAE,Chocolala Sharjah 2- Al ZhaidChocolala Sharjah 1- Samnan,Chocolala Sharjah 2- Al Zhaid,1438,1438 Chocolala Sharjah 2- Al Zhaid TO Chocolala Sharjah 1- S,Chocolala Sharjah 2- Al Zhaid WH,Chocolala Sharjah 2- Al Zhaid,Chocolala LLC Sole Proprietorship,Chocolala Sharjah 1- Samnan WH,Chocolala Sharjah 1- Samnan,Chocolala LLC Sole Proprietorship,Chocolala LLC Sole Proprietorship - 601849
UAE,Chocolala Sharjah 3- MuweilihaChocolala Khorfakkan,Chocolala Sharjah 3- Muweiliha,1679,1679 MUWEILAH TO KHORFUQAN,Chocolala Sharjah 3- Muweiliha WH,Chocolala Sharjah 3- Muweiliha,Chocolala LLC Sole Proprietorship,Chocolala Khorfakkan WH,Chocolala Khorfakkan,Chocolala LLC Sole Proprietorship,Chocolala LLC Sole Proprietorship - 601849
UAE,Chocolala Sharjah 3- MuweilihaChocolala Sharjah 1- Samnan,Chocolala Sharjah 3- Muweiliha,1539,1539 C SHJ3 MUWEILA TO C SHJ1 SAMNAM,Chocolala Sharjah 3- Muweiliha WH,Chocolala Sharjah 3- Muweiliha,Chocolala LLC Sole Proprietorship,Chocolala Sharjah 1- Samnan WH,Chocolala Sharjah 1- Samnan,Chocolala LLC Sole Proprietorship,Chocolala LLC Sole Proprietorship - 601849
UAE,Chocolala Sharjah 3- MuweilihaChocolala Sharjah 2- Al Zhaid,Chocolala Sharjah 3- Muweiliha,1507,1507 C MUWEILA TO AL ZHAID SHARJA2,Chocolala Sharjah 3- Muweiliha WH,Chocolala Sharjah 3- Muweiliha,Chocolala LLC Sole Proprietorship,Chocolala Sharjah 2- Al Zhaid WH,Chocolala Sharjah 2- Al Zhaid,Chocolala LLC Sole Proprietorship,Chocolala LLC Sole Proprietorship - 601849
UAE,Chocolala UAQ-1Chocolala Ajman City Center,Chocolala UAQ-1,1542,1542 C UAQ-1 to C Ajman City Center,Chocolala UAQ-1 WH,Chocolala UAQ-1,Chocolala LLC 643223,Chocolala Ajman City Center WH,Chocolala Ajman City Center,Chocolala LLC,Chocolala LLC - 643223
UAE,Chocolala UAQ-1Chocolala Al Ain- 1,Chocolala UAQ-1,1440,1440 Chocolala UAQ-1 TO Chocolala Al Ain- 1,Chocolala UAQ-1 WH,Chocolala UAQ-1,Chocolala LLC 643223,Chocolala Al Ain- 1 WH,Chocolala Al Ain- 1,Chocolala LLC,Chocolala LLC - 643223
UAE,Chocolala UAQ-1Chocolala Al Ain- 2,Chocolala UAQ-1,1441,1441 Chocolala UAQ-1 TO Chocolala Al Ain- 2,Chocolala UAQ-1 WH,Chocolala UAQ-1,Chocolala LLC 643223,Chocolala Al Ain- 2 WH,Chocolala Al Ain- 2,Chocolala LLC,Chocolala LLC - 643223
UAE,Chocolala UAQ-1Chocolala Al Ain- 3,Chocolala UAQ-1,1442,1442 Chocolala UAQ-1 TO Chocolala Al Ain- 3,Chocolala UAQ-1 WH,Chocolala UAQ-1,Chocolala LLC 643223,Chocolala Al Ain- 3 WH,Chocolala Al Ain- 3,Chocolala LLC,Chocolala LLC - 643223
UAE,Chocolala UAQ-1Chocolala Al Warqa DXB,Chocolala UAQ-1,1543,1543 C UAQ-1 to C Al Warqa DXB,Chocolala UAQ-1 WH,Chocolala UAQ-1,Chocolala LLC 643223,Chocolala Al Warqa DXB WH,Chocolala Al Warqa DXB,Chocolala LLC,Chocolala LLC - 643223
UAE,Chocolala UAQ-1Chocolala Arch Mall DXB,Chocolala UAQ-1,1541,1541 C UAQ-1 to Arch Mall,Chocolala UAQ-1 WH,Chocolala UAQ-1,Chocolala LLC 643223,Chocolala Arch Mall DXB WH,Chocolala Arch Mall DXB,Chocolala LLC,Chocolala LLC - 643223
UAE,Chocolala UAQ-1Chocolala Baniyas Abudhabi,Chocolala UAQ-1,1443,1443 Chocolala UAQ-1 TO Chocolala Baniyas Abudhabi,Chocolala UAQ-1 WH,Chocolala UAQ-1,Chocolala LLC 643223,Chocolala Baniyas Abudhabi WH,Chocolala Baniyas Abudhabi,Chocolala LLC,Chocolala LLC - 643223
UAE,Chocolala UAQ-1Chocolala Barsha Mall,Chocolala UAQ-1,1444,1444 Chocolala UAQ-1 TO Chocolala Barsha Mall,Chocolala UAQ-1 WH,Chocolala UAQ-1,Chocolala LLC 643223,Chocolala Barsha Mall WH,Chocolala Barsha Mall,Chocolala LLC,Chocolala LLC - 643223
UAE,Chocolala UAQ-1Chocolala Burjeel Abudhabi,Chocolala UAQ-1,1445,1445 Chocolala UAQ-1 TO Chocolala Burjeel Abudhabi,Chocolala UAQ-1 WH,Chocolala UAQ-1,Chocolala LLC 643223,Chocolala Burjeel Abudhabi WH,Chocolala Burjeel Abudhabi,Chocolala LLC,Chocolala LLC - 643223
UAE,Chocolala UAQ-1Chocolala Ethihad Mall DXB,Chocolala UAQ-1,1544,1544 C UAQ-1 to C Ethihad Mall DXB,Chocolala UAQ-1 WH,Chocolala UAQ-1,Chocolala LLC 643223,Chocolala Ethihad Mall DXB WH,Chocolala Ethihad Mall DXB,Chocolala LLC,Chocolala LLC - 643223
UAE,Chocolala UAQ-1Chocolala Forsan Abudhabi,Chocolala UAQ-1,1446,1446 Chocolala UAQ-1 TO Chocolala Forsan Abudhabi,Chocolala UAQ-1 WH,Chocolala UAQ-1,Chocolala LLC 643223,Chocolala Forsan Abudhabi WH,Chocolala Forsan Abudhabi,Chocolala LLC,Chocolala LLC - 643223
UAE,Chocolala UAQ-1Chocolala Khalidiya Abudhabi,Chocolala UAQ-1,1447,1447 Chocolala UAQ-1 TO Chocolala Khalidiya Abudhabi,Chocolala UAQ-1 WH,Chocolala UAQ-1,Chocolala LLC 643223,Chocolala Khalidiya Abudhabi WH,Chocolala Khalidiya Abudhabi,Chocolala LLC,Chocolala LLC - 643223
UAE,Chocolala UAQ-1Chocolala Latifa Hospital DXB,Chocolala UAQ-1,1548,1548 C UAQ TO C LATIFA,Chocolala UAQ-1 WH,Chocolala UAQ-1,Chocolala LLC 643223,Chocolala Latifa Hospital DXB WH,Chocolala Latifa Hospital DXB,Chocolala LLC,Chocolala LLC - 643223
UAE,Chocolala UAQ-1Chocolala Muroor Abudhabi,Chocolala UAQ-1,1448,1448 Chocolala UAQ-1 TO Chocolala Muroor Abudhabi,Chocolala UAQ-1 WH,Chocolala UAQ-1,Chocolala LLC 643223,Chocolala Muroor Abudhabi WH,Chocolala Muroor Abudhabi,Chocolala LLC,Chocolala LLC - 643223
UAE,Chocolala UAQ-1Chocolala Saudi German DXB,Chocolala UAQ-1,1546,1546 C UAQ-1 to C Saudi German DXB,Chocolala UAQ-1 WH,Chocolala UAQ-1,Chocolala LLC 643223,Chocolala Saudi German DXB WH,Chocolala Saudi German DXB,Chocolala LLC,Chocolala LLC - 643223
UAE,Chocolala UAQ-1HMS Al Garhoud Hospital,Chocolala UAQ-1,1449,1449 Chocolala UAQ-1 TO HMS Al Garhoud Hospital,Chocolala UAQ-1 WH,Chocolala UAQ-1,Chocolala LLC 643223,HMS Al Garhoud Hospital WH,HMS Al Garhoud Hospital,Chocolala LLC,Chocolala LLC - 643223
UAE,DECORATION STOREACRYLIC SECTION,DECORATION STORE,1573,1573 DS to CWS,Decoration Store Main,DECORATION STORE,CHOCOLALA FACTORY LLC (ONE PERSON),Creator Workshop Section WH,ACRYLIC SECTION,CHOCOLALA FACTORY LLC (ONE PERSON),CHOCOLALA FACTORY LLC (ONE PERSON)
UAE,DECORATION STOREDelivery Dispatch Area,DECORATION STORE,1560,1560 DECORATION STORE TO Delivery Dispatch Area,Packaging WH,DECORATION STORE,CHOCOLALA FACTORY LLC (ONE PERSON),Delivery Dispatch Area WH,Delivery Dispatch Area,CHOCOLALA FACTORY LLC (ONE PERSON),CHOCOLALA FACTORY LLC (ONE PERSON)
UAE,DECORATION STOREFinished Goods Store,DECORATION STORE,1561,1561 DECORATION STORE TO Finished Goods Store,Packaging WH,DECORATION STORE,CHOCOLALA FACTORY LLC (ONE PERSON),Finished Goods Store WH,Finished Goods Store,CHOCOLALA FACTORY LLC (ONE PERSON),CHOCOLALA FACTORY LLC (ONE PERSON)
UAE,DECORATION STOREHEAD OFFICE,DECORATION STORE,1575,1575 DS to HOB,Decoration Store Main,DECORATION STORE,CHOCOLALA FACTORY LLC (ONE PERSON),Head Office Barista,HEAD OFFICE,CHOCOLALA FACTORY LLC (ONE PERSON),CHOCOLALA FACTORY LLC (ONE PERSON)
UAE,DECORATION STOREPRODUCTION,DECORATION STORE,1576,1576 DS TO RCP,Decoration Store Main,DECORATION STORE,CHOCOLALA FACTORY LLC (ONE PERSON),Consumables Store,PRODUCTION,CHOCOLALA FACTORY LLC (ONE PERSON),CHOCOLALA FACTORY LLC (ONE PERSON)
UAE,DECORATION STORERAW MATERIAL STORE,DECORATION STORE,1577,1577 DS to RMS,Decoration Store Main,DECORATION STORE,CHOCOLALA FACTORY LLC (ONE PERSON),Raw Material Store WH,RAW MATERIAL STORE,CHOCOLALA FACTORY LLC (ONE PERSON),CHOCOLALA FACTORY LLC (ONE PERSON)
UAE,DECORATION STOREWORKSHOP,DECORATION STORE,1578,1578 DS to WS,Decoration Store Main,DECORATION STORE,CHOCOLALA FACTORY LLC (ONE PERSON),Workshop WH,WORKSHOP,CHOCOLALA FACTORY LLC (ONE PERSON),CHOCOLALA FACTORY LLC (ONE PERSON)
UAE,DECORATION STOREPRODUCTION,DECORATION STORE,1574,1574 DS to FRA,Decoration Store Main,DECORATION STORE,CHOCOLALA FACTORY LLC (ONE PERSON),Factory Receiving Area,PRODUCTION,CHOCOLALA FACTORY LLC (ONE PERSON),CHOCOLALA FACTORY LLC (ONE PERSON)
UAE,Delivery Dispatch AreaACRYLIC SECTION,Delivery Dispatch Area,1893,1893 z DDA TO CWS,Delivery Dispatch Area WH,Delivery Dispatch Area,CHOCOLALA FACTORY LLC (ONE PERSON),Creator Workshop Section WH,ACRYLIC SECTION,CHOCOLALA FACTORY LLC (ONE PERSON),CHOCOLALA FACTORY LLC (ONE PERSON)
UAE,Delivery Dispatch AreaDECORATION STORE,Delivery Dispatch Area,1894,1894 z DDA TO DS,Delivery Dispatch Area WH,Delivery Dispatch Area,CHOCOLALA FACTORY LLC (ONE PERSON),Decoration Store Main,DECORATION STORE,CHOCOLALA FACTORY LLC (ONE PERSON),CHOCOLALA FACTORY LLC (ONE PERSON)
UAE,Delivery Dispatch AreaFinished Goods Store,Delivery Dispatch Area,1558,1558 DDA to FGS,Delivery Dispatch Area WH,Delivery Dispatch Area,CHOCOLALA FACTORY LLC (ONE PERSON),Finished Goods Store WH,Finished Goods Store,CHOCOLALA FACTORY LLC (ONE PERSON),CHOCOLALA FACTORY LLC (ONE PERSON)
UAE,Delivery Dispatch AreaHEAD OFFICE,Delivery Dispatch Area,1565,1565 Delivery Dispatch Area TO HEAD OFFICE,Delivery Dispatch Area WH,Delivery Dispatch Area,CHOCOLALA FACTORY LLC (ONE PERSON),Head Office Main,HEAD OFFICE,CHOCOLALA FACTORY LLC (ONE PERSON),CHOCOLALA FACTORY LLC (ONE PERSON)
UAE,Delivery Dispatch AreaPRODUCTION,Delivery Dispatch Area,1557,1557 DDA to BFRA,Delivery Dispatch Area WH,Delivery Dispatch Area,CHOCOLALA FACTORY LLC (ONE PERSON),Cakes & Others Receiving Area,PRODUCTION,CHOCOLALA FACTORY LLC (ONE PERSON),CHOCOLALA FACTORY LLC (ONE PERSON)
UAE,Delivery Dispatch AreaPRODUCTION,Delivery Dispatch Area,1895,1895 zDDA to Production,Delivery Dispatch Area WH,Delivery Dispatch Area,CHOCOLALA FACTORY LLC (ONE PERSON),Production WH,PRODUCTION,CHOCOLALA FACTORY LLC (ONE PERSON),CHOCOLALA FACTORY LLC (ONE PERSON)
UAE,Delivery Dispatch AreaRAW MATERIAL STORE,Delivery Dispatch Area,1566,1566 Delivery Dispatch Area TO RAW MATERIAL STORE,Delivery Dispatch Area WH,Delivery Dispatch Area,CHOCOLALA FACTORY LLC (ONE PERSON),Raw Material Store WH,RAW MATERIAL STORE,CHOCOLALA FACTORY LLC (ONE PERSON),CHOCOLALA FACTORY LLC (ONE PERSON)
UAE,Delivery Dispatch AreaWORKSHOP,Delivery Dispatch Area,1896,1896 z DDA TO WS,Delivery Dispatch Area WH,Delivery Dispatch Area,CHOCOLALA FACTORY LLC (ONE PERSON),Workshop WH,WORKSHOP,CHOCOLALA FACTORY LLC (ONE PERSON),CHOCOLALA FACTORY LLC (ONE PERSON)
UAE,Delivery Dispatch AreaPRODUCTION,Delivery Dispatch Area,1559,1559 DDA to FPA,Delivery Dispatch Area WH,Delivery Dispatch Area,CHOCOLALA FACTORY LLC (ONE PERSON),Factory Produced Area,PRODUCTION,CHOCOLALA FACTORY LLC (ONE PERSON),CHOCOLALA FACTORY LLC (ONE PERSON)
UAE,Finished Goods StoreACRYLIC SECTION,Finished Goods Store,1590,1590 Finished Goods Store TO ACRYLIC SECTION,Finished Goods Store WH,Finished Goods Store,CHOCOLALA FACTORY LLC (ONE PERSON),Creator Workshop Section WH,ACRYLIC SECTION,CHOCOLALA FACTORY LLC (ONE PERSON),CHOCOLALA FACTORY LLC (ONE PERSON)
UAE,Finished Goods StoreDelivery Dispatch Area,Finished Goods Store,1588,1588 FGS TO DDA,Finished Goods Store WH,Finished Goods Store,CHOCOLALA FACTORY LLC (ONE PERSON),Delivery Dispatch Area WH,Delivery Dispatch Area,CHOCOLALA FACTORY LLC (ONE PERSON),CHOCOLALA FACTORY LLC (ONE PERSON)
UAE,Finished Goods StoreHEAD OFFICE,Finished Goods Store,1785,1785 Return FGS to HOB,Finished Goods Store WH,Finished Goods Store,CHOCOLALA FACTORY LLC (ONE PERSON),Head Office Barista,HEAD OFFICE,CHOCOLALA FACTORY LLC (ONE PERSON),CHOCOLALA FACTORY LLC (ONE PERSON)
UAE,Finished Goods StorePRODUCTION,Finished Goods Store,1589,1589 FGS TO PRODUCTION WH,Finished Goods Store WH,Finished Goods Store,CHOCOLALA FACTORY LLC (ONE PERSON),Production WH,PRODUCTION,CHOCOLALA FACTORY LLC (ONE PERSON),CHOCOLALA FACTORY LLC (ONE PERSON)
UAE,Finished Goods StorePRODUCTION,Finished Goods Store,1780,1780 Return FGS to ACS,Finished Goods Store WH,Finished Goods Store,CHOCOLALA FACTORY LLC (ONE PERSON),Arabic Coffee Section,PRODUCTION,CHOCOLALA FACTORY LLC (ONE PERSON),CHOCOLALA FACTORY LLC (ONE PERSON)
UAE,Finished Goods StorePRODUCTION,Finished Goods Store,1781,1781 Return FGS to BS,Finished Goods Store WH,Finished Goods Store,CHOCOLALA FACTORY LLC (ONE PERSON),Baklawa Section,PRODUCTION,CHOCOLALA FACTORY LLC (ONE PERSON),CHOCOLALA FACTORY LLC (ONE PERSON)
UAE,Finished Goods StorePRODUCTION,Finished Goods Store,1782,1782 Return FGS to BSS,Finished Goods Store WH,Finished Goods Store,CHOCOLALA FACTORY LLC (ONE PERSON),Belgium Section Section,PRODUCTION,CHOCOLALA FACTORY LLC (ONE PERSON),CHOCOLALA FACTORY LLC (ONE PERSON)
UAE,Finished Goods StorePRODUCTION,Finished Goods Store,1783,1783 Return FGS to ECS,Finished Goods Store WH,Finished Goods Store,CHOCOLALA FACTORY LLC (ONE PERSON),Egg Chocolate Section,PRODUCTION,CHOCOLALA FACTORY LLC (ONE PERSON),CHOCOLALA FACTORY LLC (ONE PERSON)
UAE,Finished Goods StorePRODUCTION,Finished Goods Store,1786,1786 Return FGS to ITS,Finished Goods Store WH,Finished Goods Store,CHOCOLALA FACTORY LLC (ONE PERSON),Italian Chocolates Section,PRODUCTION,CHOCOLALA FACTORY LLC (ONE PERSON),CHOCOLALA FACTORY LLC (ONE PERSON)
UAE,Finished Goods StorePRODUCTION,Finished Goods Store,1788,1788 Return FGS to PS,Finished Goods Store WH,Finished Goods Store,CHOCOLALA FACTORY LLC (ONE PERSON),Petifour Section,PRODUCTION,CHOCOLALA FACTORY LLC (ONE PERSON),CHOCOLALA FACTORY LLC (ONE PERSON)
UAE,Finished Goods StorePRODUCTION,Finished Goods Store,1789,1789 Return FGS to TS,Finished Goods Store WH,Finished Goods Store,CHOCOLALA FACTORY LLC (ONE PERSON),Tartufa Section,PRODUCTION,CHOCOLALA FACTORY LLC (ONE PERSON),CHOCOLALA FACTORY LLC (ONE PERSON)
UAE,Finished Goods StoreRAW MATERIAL STORE,Finished Goods Store,1592,1592 Finished Goods Store TO RAW MATERIAL STORE,Finished Goods Store WH,Finished Goods Store,CHOCOLALA FACTORY LLC (ONE PERSON),Raw Material Store WH,RAW MATERIAL STORE,CHOCOLALA FACTORY LLC (ONE PERSON),CHOCOLALA FACTORY LLC (ONE PERSON)
UAE,Finished Goods StoreWORKSHOP,Finished Goods Store,1791,1791 Return FGS to WS,Finished Goods Store WH,Finished Goods Store,CHOCOLALA FACTORY LLC (ONE PERSON),Workshop WH,WORKSHOP,CHOCOLALA FACTORY LLC (ONE PERSON),CHOCOLALA FACTORY LLC (ONE PERSON)
UAE,Finished Goods StoreDECORATION STORE,Finished Goods Store,1591,1591 Finished Goods Store TO DECORATION STORE,Finished Goods Store WH,Finished Goods Store,CHOCOLALA FACTORY LLC (ONE PERSON),Packaging WH,DECORATION STORE,CHOCOLALA FACTORY LLC (ONE PERSON),CHOCOLALA FACTORY LLC (ONE PERSON)
UAE,Finished Goods StorePRODUCTION,Finished Goods Store,1784,1784 Return FGS to FPA,Finished Goods Store WH,Finished Goods Store,CHOCOLALA FACTORY LLC (ONE PERSON),Factory Produced Area,PRODUCTION,CHOCOLALA FACTORY LLC (ONE PERSON),CHOCOLALA FACTORY LLC (ONE PERSON)
UAE,Finished Goods StorePRODUCTION,Finished Goods Store,1787,1787 Return FGS to NCS,Finished Goods Store WH,Finished Goods Store,CHOCOLALA FACTORY LLC (ONE PERSON),Normal Cake Section,PRODUCTION,CHOCOLALA FACTORY LLC (ONE PERSON),CHOCOLALA FACTORY LLC (ONE PERSON)
UAE,Finished Goods StorePRODUCTION,Finished Goods Store,1790,1790 Return FGS to WRS,Finished Goods Store WH,Finished Goods Store,CHOCOLALA FACTORY LLC (ONE PERSON),Wrapping Section,PRODUCTION,CHOCOLALA FACTORY LLC (ONE PERSON),CHOCOLALA FACTORY LLC (ONE PERSON)
UAE,HEAD OFFICEACRYLIC SECTION,HEAD OFFICE,1603,1603 HEAD OFFICE TO ACRYLIC SECTION,Head Office Main,HEAD OFFICE,CHOCOLALA FACTORY LLC (ONE PERSON),Creator Workshop Section WH,ACRYLIC SECTION,CHOCOLALA FACTORY LLC (ONE PERSON),CHOCOLALA FACTORY LLC (ONE PERSON)
UAE,HEAD OFFICEDelivery Dispatch Area,HEAD OFFICE,1623,1623 HOB TO DDA,Head Office Barista,HEAD OFFICE,CHOCOLALA FACTORY LLC (ONE PERSON),Delivery Dispatch Area WH,Delivery Dispatch Area,CHOCOLALA FACTORY LLC (ONE PERSON),CHOCOLALA FACTORY LLC (ONE PERSON)
UAE,HEAD OFFICEFinished Goods Store,HEAD OFFICE,1605,1605 HEAD OFFICE TO Finished Goods Store,Head Office Main,HEAD OFFICE,CHOCOLALA FACTORY LLC (ONE PERSON),Finished Goods Store WH,Finished Goods Store,CHOCOLALA FACTORY LLC (ONE PERSON),CHOCOLALA FACTORY LLC (ONE PERSON)
UAE,HEAD OFFICEPRODUCTION,HEAD OFFICE,1602,1602 HD MAIN TO RCP,Head Office Main,HEAD OFFICE,CHOCOLALA FACTORY LLC (ONE PERSON),Consumables Store,PRODUCTION,CHOCOLALA FACTORY LLC (ONE PERSON),CHOCOLALA FACTORY LLC (ONE PERSON)
UAE,HEAD OFFICERAW MATERIAL STORE,HEAD OFFICE,1624,1624 HOB TO RMS,Head Office Barista,HEAD OFFICE,CHOCOLALA FACTORY LLC (ONE PERSON),Raw Material Store WH,RAW MATERIAL STORE,CHOCOLALA FACTORY LLC (ONE PERSON),CHOCOLALA FACTORY LLC (ONE PERSON)
UAE,HEAD OFFICEWORKSHOP,HEAD OFFICE,1606,1606 HEAD OFFICE TO WORKSHOP,Head Office Main,HEAD OFFICE,CHOCOLALA FACTORY LLC (ONE PERSON),Workshop WH,WORKSHOP,CHOCOLALA FACTORY LLC (ONE PERSON),CHOCOLALA FACTORY LLC (ONE PERSON)
UAE,HEAD OFFICEDECORATION STORE,HEAD OFFICE,1604,1604 HEAD OFFICE TO DECORATION STORE,Head Office Main,HEAD OFFICE,CHOCOLALA FACTORY LLC (ONE PERSON),Packaging WH,DECORATION STORE,CHOCOLALA FACTORY LLC (ONE PERSON),CHOCOLALA FACTORY LLC (ONE PERSON)
UAE,HMS Al Garhoud HospitalChocolala Ajman 2,HMS Al Garhoud Hospital,1607,1607 HMS Al Garhoud Hospital TO Chocolala Ajman 2,HMS Al Garhoud Hospital WH,HMS Al Garhoud Hospital,Chocolala LLC 643223,Ajman 2 WH,Chocolala Ajman 2,Chocolala LLC,Chocolala LLC - 643223
UAE,HMS Al Garhoud HospitalChocolala Ajman City Center,HMS Al Garhoud Hospital,1608,1608 HMS Al Garhoud Hospital TO Chocolala Ajman City Center,HMS Al Garhoud Hospital WH,HMS Al Garhoud Hospital,Chocolala LLC 643223,Chocolala Ajman City Center WH,Chocolala Ajman City Center,Chocolala LLC,Chocolala LLC - 643223
UAE,HMS Al Garhoud HospitalChocolala Al Ain- 1,HMS Al Garhoud Hospital,1609,1609 HMS Al Garhoud Hospital TO Chocolala Al Ain- 1,HMS Al Garhoud Hospital WH,HMS Al Garhoud Hospital,Chocolala LLC 643223,Chocolala Al Ain- 1 WH,Chocolala Al Ain- 1,Chocolala LLC,Chocolala LLC - 643223
UAE,HMS Al Garhoud HospitalChocolala Al Ain- 2,HMS Al Garhoud Hospital,1610,1610 HMS Al Garhoud Hospital TO Chocolala Al Ain- 2,HMS Al Garhoud Hospital WH,HMS Al Garhoud Hospital,Chocolala LLC 643223,Chocolala Al Ain- 2 WH,Chocolala Al Ain- 2,Chocolala LLC,Chocolala LLC - 643223
UAE,HMS Al Garhoud HospitalChocolala Al Ain- 3,HMS Al Garhoud Hospital,1611,1611 HMS Al Garhoud Hospital TO Chocolala Al Ain- 3,HMS Al Garhoud Hospital WH,HMS Al Garhoud Hospital,Chocolala LLC 643223,Chocolala Al Ain- 3 WH,Chocolala Al Ain- 3,Chocolala LLC,Chocolala LLC - 643223
UAE,HMS Al Garhoud HospitalChocolala Al Warqa DXB,HMS Al Garhoud Hospital,1230,1230 C HMS Al Garhoud Hospital to C Al Warqa Mall,HMS Al Garhoud Hospital WH,HMS Al Garhoud Hospital,Chocolala LLC 643223,Chocolala Al Warqa DXB WH,Chocolala Al Warqa DXB,Chocolala LLC,Chocolala LLC - 643223
UAE,HMS Al Garhoud HospitalChocolala Arch Mall DXB,HMS Al Garhoud Hospital,1612,1612 HMS Al Garhoud Hospital TO Chocolala Arch Mall DXB,HMS Al Garhoud Hospital WH,HMS Al Garhoud Hospital,Chocolala LLC 643223,Chocolala Arch Mall DXB WH,Chocolala Arch Mall DXB,Chocolala LLC,Chocolala LLC - 643223
UAE,HMS Al Garhoud HospitalChocolala Baniyas Abudhabi,HMS Al Garhoud Hospital,1613,1613 HMS Al Garhoud Hospital TO Chocolala Baniyas Abudhabi,HMS Al Garhoud Hospital WH,HMS Al Garhoud Hospital,Chocolala LLC 643223,Chocolala Baniyas Abudhabi WH,Chocolala Baniyas Abudhabi,Chocolala LLC,Chocolala LLC - 643223
UAE,HMS Al Garhoud HospitalChocolala Barsha Mall,HMS Al Garhoud Hospital,1614,1614 HMS Al Garhoud Hospital TO Chocolala Barsha Mall,HMS Al Garhoud Hospital WH,HMS Al Garhoud Hospital,Chocolala LLC 643223,Chocolala Barsha Mall WH,Chocolala Barsha Mall,Chocolala LLC,Chocolala LLC - 643223
UAE,HMS Al Garhoud HospitalChocolala Burjeel Abudhabi,HMS Al Garhoud Hospital,1615,1615 HMS Al Garhoud Hospital TO Chocolala Burjeel Abudhabi,HMS Al Garhoud Hospital WH,HMS Al Garhoud Hospital,Chocolala LLC 643223,Chocolala Burjeel Abudhabi WH,Chocolala Burjeel Abudhabi,Chocolala LLC,Chocolala LLC - 643223
UAE,HMS Al Garhoud HospitalChocolala Ethihad Mall DXB,HMS Al Garhoud Hospital,1616,1616 HMS Al Garhoud Hospital TO Chocolala Ethihad Mall DXB,HMS Al Garhoud Hospital WH,HMS Al Garhoud Hospital,Chocolala LLC 643223,Chocolala Ethihad Mall DXB WH,Chocolala Ethihad Mall DXB,Chocolala LLC,Chocolala LLC - 643223
UAE,HMS Al Garhoud HospitalChocolala Forsan Abudhabi,HMS Al Garhoud Hospital,1617,1617 HMS Al Garhoud Hospital TO Chocolala Forsan Abudhabi,HMS Al Garhoud Hospital WH,HMS Al Garhoud Hospital,Chocolala LLC 643223,Chocolala Forsan Abudhabi WH,Chocolala Forsan Abudhabi,Chocolala LLC,Chocolala LLC - 643223
UAE,HMS Al Garhoud HospitalChocolala Khalidiya Abudhabi,HMS Al Garhoud Hospital,1618,1618 HMS Al Garhoud Hospital TO Chocolala Khalidiya Abudhabi,HMS Al Garhoud Hospital WH,HMS Al Garhoud Hospital,Chocolala LLC 643223,Chocolala Khalidiya Abudhabi WH,Chocolala Khalidiya Abudhabi,Chocolala LLC,Chocolala LLC - 643223
UAE,HMS Al Garhoud HospitalChocolala Latifa Hospital DXB,HMS Al Garhoud Hospital,1229,1229 C GARHOUD TO C LATIFA,HMS Al Garhoud Hospital WH,HMS Al Garhoud Hospital,Chocolala LLC 643223,Chocolala Latifa Hospital DXB WH,Chocolala Latifa Hospital DXB,Chocolala LLC,Chocolala LLC - 643223
UAE,HMS Al Garhoud HospitalChocolala Muroor Abudhabi,HMS Al Garhoud Hospital,1619,1619 HMS Al Garhoud Hospital TO Chocolala Muroor Abudhabi,HMS Al Garhoud Hospital WH,HMS Al Garhoud Hospital,Chocolala LLC 643223,Chocolala Muroor Abudhabi WH,Chocolala Muroor Abudhabi,Chocolala LLC,Chocolala LLC - 643223
UAE,HMS Al Garhoud HospitalChocolala Nad Al Hamar,HMS Al Garhoud Hospital,1621,1621 HMS Al Garhoud Hospital to C Nad Al Hamar,HMS Al Garhoud Hospital WH,HMS Al Garhoud Hospital,Chocolala LLC 643223,Chocolala Nad Al Hamar WH,Chocolala Nad Al Hamar,Chocolala LLC,Chocolala LLC - 643223
UAE,HMS Al Garhoud HospitalChocolala Saudi German DXB,HMS Al Garhoud Hospital,1231,1231 C HMS Al Garhoud Hospital to C SGH,HMS Al Garhoud Hospital WH,HMS Al Garhoud Hospital,Chocolala LLC 643223,Chocolala Saudi German DXB WH,Chocolala Saudi German DXB,Chocolala LLC,Chocolala LLC - 643223
UAE,HMS Al Garhoud HospitalChocolala UAQ-1,HMS Al Garhoud Hospital,1620,1620 HMS Al Garhoud Hospital TO Chocolala UAQ-1,HMS Al Garhoud Hospital WH,HMS Al Garhoud Hospital,Chocolala LLC 643223,Chocolala UAQ-1 WH,Chocolala UAQ-1,Chocolala LLC,Chocolala LLC - 643223
UAE,HMS Al Garhoud HospitalMadinati Mall Zayed,HMS Al Garhoud Hospital,1622,1622 HMS Al Garhoud Hospital TO Madinati Mall Zayed,HMS Al Garhoud Hospital WH,HMS Al Garhoud Hospital,Chocolala LLC 643223,Madinat Zayed WH,Madinati Mall Zayed,Chocolala LLC,Chocolala LLC - 643223
UAE,Madinati Mall ZayedChocolala Ajman 2,Madinati Mall Zayed,1637,1637 Madinati Mall Zayed TO Chocolala Ajman 2,Madinat Zayed WH,Madinati Mall Zayed,Chocolala LLC 643223,Ajman 2 WH,Chocolala Ajman 2,Chocolala LLC,Chocolala LLC - 643223
UAE,Madinati Mall ZayedChocolala Ajman City Center,Madinati Mall Zayed,1638,1638 Madinati Mall Zayed TO Chocolala Ajman City Center,Madinat Zayed WH,Madinati Mall Zayed,Chocolala LLC 643223,Chocolala Ajman City Center WH,Chocolala Ajman City Center,Chocolala LLC,Chocolala LLC - 643223
UAE,Madinati Mall ZayedChocolala Al Ain- 1,Madinati Mall Zayed,1636,1636 Madinati Mall Zayed to C Al Ain- 1,Madinat Zayed WH,Madinati Mall Zayed,Chocolala LLC 643223,Chocolala Al Ain- 1 WH,Chocolala Al Ain- 1,Chocolala LLC,Chocolala LLC - 643223
UAE,Madinati Mall ZayedChocolala Al Ain- 3,Madinati Mall Zayed,1639,1639 Madinati Mall Zayed TO Chocolala Al Ain- 3,Madinat Zayed WH,Madinati Mall Zayed,Chocolala LLC 643223,Chocolala Al Ain- 3 WH,Chocolala Al Ain- 3,Chocolala LLC,Chocolala LLC - 643223
UAE,Madinati Mall ZayedChocolala Al Warqa DXB,Madinati Mall Zayed,1640,1640 Madinati Mall Zayed TO Chocolala Al Warqa DXB,Madinat Zayed WH,Madinati Mall Zayed,Chocolala LLC 643223,Chocolala Al Warqa DXB WH,Chocolala Al Warqa DXB,Chocolala LLC,Chocolala LLC - 643223
UAE,Madinati Mall ZayedChocolala Arch Mall DXB,Madinati Mall Zayed,1641,1641 Madinati Mall Zayed TO Chocolala Arch Mall DXB,Madinat Zayed WH,Madinati Mall Zayed,Chocolala LLC 643223,Chocolala Arch Mall DXB WH,Chocolala Arch Mall DXB,Chocolala LLC,Chocolala LLC - 643223
UAE,Madinati Mall ZayedChocolala Baniyas Abudhabi,Madinati Mall Zayed,1485,1485 C Madinat Zaid to C Baniyas,Madinat Zayed WH,Madinati Mall Zayed,Chocolala LLC 643223,Chocolala Baniyas Abudhabi WH,Chocolala Baniyas Abudhabi,Chocolala LLC,Chocolala LLC - 643223
UAE,Madinati Mall ZayedChocolala Barsha Mall,Madinati Mall Zayed,1484,1484 C MADINAT TO C BARSHA,Madinat Zayed WH,Madinati Mall Zayed,Chocolala LLC 643223,Chocolala Barsha Mall WH,Chocolala Barsha Mall,Chocolala LLC,Chocolala LLC - 643223
UAE,Madinati Mall ZayedChocolala Burjeel Abudhabi,Madinati Mall Zayed,1486,1486 C Madinat Zaid to C Burjeel,Madinat Zayed WH,Madinati Mall Zayed,Chocolala LLC 643223,Chocolala Burjeel Abudhabi WH,Chocolala Burjeel Abudhabi,Chocolala LLC,Chocolala LLC - 643223
UAE,Madinati Mall ZayedChocolala Ethihad Mall DXB,Madinati Mall Zayed,1483,1483 C MADINATI MALL TO C ETHIHAD,Madinat Zayed WH,Madinati Mall Zayed,Chocolala LLC 643223,Chocolala Ethihad Mall DXB WH,Chocolala Ethihad Mall DXB,Chocolala LLC,Chocolala LLC - 643223
UAE,Madinati Mall ZayedChocolala Forsan Abudhabi,Madinati Mall Zayed,1487,1487 C Madinat Zaid to C Forsan,Madinat Zayed WH,Madinati Mall Zayed,Chocolala LLC 643223,Chocolala Forsan Abudhabi WH,Chocolala Forsan Abudhabi,Chocolala LLC,Chocolala LLC - 643223
UAE,Madinati Mall ZayedChocolala Khalidiya Abudhabi,Madinati Mall Zayed,1489,1489 C MADINAT ZAYAD TO KHALEDIYAH,Madinat Zayed WH,Madinati Mall Zayed,Chocolala LLC 643223,Chocolala Khalidiya Abudhabi WH,Chocolala Khalidiya Abudhabi,Chocolala LLC,Chocolala LLC - 643223
UAE,Madinati Mall ZayedChocolala Muroor Abudhabi,Madinati Mall Zayed,1488,1488 C Madinat Zaid to C Muroor,Madinat Zayed WH,Madinati Mall Zayed,Chocolala LLC 643223,Chocolala Muroor Abudhabi WH,Chocolala Muroor Abudhabi,Chocolala LLC,Chocolala LLC - 643223
UAE,Madinati Mall ZayedChocolala Nad Al Hamar,Madinati Mall Zayed,1643,1643 Madinati Mall Zayed TO Chocolala Nad Al Hamar,Madinat Zayed WH,Madinati Mall Zayed,Chocolala LLC 643223,Chocolala Nad Al Hamar WH,Chocolala Nad Al Hamar,Chocolala LLC,Chocolala LLC - 643223
UAE,Madinati Mall ZayedChocolala Saudi German DXB,Madinati Mall Zayed,1644,1644 Madinati Mall Zayed TO Chocolala Saudi German DXB,Madinat Zayed WH,Madinati Mall Zayed,Chocolala LLC 643223,Chocolala Saudi German DXB WH,Chocolala Saudi German DXB,Chocolala LLC,Chocolala LLC - 643223
UAE,Madinati Mall ZayedChocolala UAQ-1,Madinati Mall Zayed,1645,1645 Madinati Mall Zayed TO Chocolala UAQ-1,Madinat Zayed WH,Madinati Mall Zayed,Chocolala LLC 643223,Chocolala UAQ-1 WH,Chocolala UAQ-1,Chocolala LLC,Chocolala LLC - 643223
UAE,Madinati Mall ZayedHMS Al Garhoud Hospital,Madinati Mall Zayed,1646,1646 Madinati Mall Zayed TO HMS Al Garhoud Hospital,Madinat Zayed WH,Madinati Mall Zayed,Chocolala LLC 643223,HMS Al Garhoud Hospital WH,HMS Al Garhoud Hospital,Chocolala LLC,Chocolala LLC - 643223
UAE,PRODUCTIONACRYLIC SECTION,PRODUCTION,1775,1775 RCP TO CWS,Consumables Store,PRODUCTION,CHOCOLALA FACTORY LLC (ONE PERSON),Creator Workshop Section WH,ACRYLIC SECTION,CHOCOLALA FACTORY LLC (ONE PERSON),CHOCOLALA FACTORY LLC (ONE PERSON)
UAE,PRODUCTIONDelivery Dispatch Area,PRODUCTION,1095,1095 BFRA to DDA,Cakes & Others Receiving Area,PRODUCTION,CHOCOLALA FACTORY LLC (ONE PERSON),Delivery Dispatch Area WH,Delivery Dispatch Area,CHOCOLALA FACTORY LLC (ONE PERSON),CHOCOLALA FACTORY LLC (ONE PERSON)
UAE,PRODUCTIONDelivery Dispatch Area,PRODUCTION,1101,1101 BS TO DDA,Baklawa Section,PRODUCTION,CHOCOLALA FACTORY LLC (ONE PERSON),Delivery Dispatch Area WH,Delivery Dispatch Area,CHOCOLALA FACTORY LLC (ONE PERSON),CHOCOLALA FACTORY LLC (ONE PERSON)
UAE,PRODUCTIONDelivery Dispatch Area,PRODUCTION,1579,1579 ECS to DDA,Egg Chocolate Section,PRODUCTION,CHOCOLALA FACTORY LLC (ONE PERSON),Delivery Dispatch Area WH,Delivery Dispatch Area,CHOCOLALA FACTORY LLC (ONE PERSON),CHOCOLALA FACTORY LLC (ONE PERSON)
UAE,PRODUCTIONDelivery Dispatch Area,PRODUCTION,1625,1625 ICS to DDA,Ice Cream Section,PRODUCTION,CHOCOLALA FACTORY LLC (ONE PERSON),Delivery Dispatch Area WH,Delivery Dispatch Area,CHOCOLALA FACTORY LLC (ONE PERSON),CHOCOLALA FACTORY LLC (ONE PERSON)
UAE,PRODUCTIONDelivery Dispatch Area,PRODUCTION,1682,1682 NCS to DDS,Normal Cake Section,PRODUCTION,CHOCOLALA FACTORY LLC (ONE PERSON),Delivery Dispatch Area WH,Delivery Dispatch Area,CHOCOLALA FACTORY LLC (ONE PERSON),CHOCOLALA FACTORY LLC (ONE PERSON)
UAE,PRODUCTIONDelivery Dispatch Area,PRODUCTION,1776,1776 RCP TO DDA,Consumables Store,PRODUCTION,CHOCOLALA FACTORY LLC (ONE PERSON),Delivery Dispatch Area WH,Delivery Dispatch Area,CHOCOLALA FACTORY LLC (ONE PERSON),CHOCOLALA FACTORY LLC (ONE PERSON)
UAE,PRODUCTIONDelivery Dispatch Area,PRODUCTION,1805,1805 SCS to DDA,Sugar Cake Section,PRODUCTION,CHOCOLALA FACTORY LLC (ONE PERSON),Delivery Dispatch Area WH,Delivery Dispatch Area,CHOCOLALA FACTORY LLC (ONE PERSON),CHOCOLALA FACTORY LLC (ONE PERSON)
UAE,PRODUCTIONFinished Goods Store,PRODUCTION,1007,1007 ACS to FGS,Arabic Coffee Section,PRODUCTION,CHOCOLALA FACTORY LLC (ONE PERSON),Finished Goods Store WH,Finished Goods Store,CHOCOLALA FACTORY LLC (ONE PERSON),CHOCOLALA FACTORY LLC (ONE PERSON)
UAE,PRODUCTIONFinished Goods Store,PRODUCTION,1067,1067 ASW to FGS,Arabic Sweet Section,PRODUCTION,CHOCOLALA FACTORY LLC (ONE PERSON),Finished Goods Store WH,Finished Goods Store,CHOCOLALA FACTORY LLC (ONE PERSON),CHOCOLALA FACTORY LLC (ONE PERSON)
UAE,PRODUCTIONFinished Goods Store,PRODUCTION,1096,1096 BFRA to FGS,Cakes & Others Receiving Area,PRODUCTION,CHOCOLALA FACTORY LLC (ONE PERSON),Finished Goods Store WH,Finished Goods Store,CHOCOLALA FACTORY LLC (ONE PERSON),CHOCOLALA FACTORY LLC (ONE PERSON)
UAE,PRODUCTIONFinished Goods Store,PRODUCTION,1098,1098 BOX to FGS,Boxing and Packaging Section,PRODUCTION,CHOCOLALA FACTORY LLC (ONE PERSON),Finished Goods Store WH,Finished Goods Store,CHOCOLALA FACTORY LLC (ONE PERSON),CHOCOLALA FACTORY LLC (ONE PERSON)
UAE,PRODUCTIONFinished Goods Store,PRODUCTION,1099,1099 BSS to FGS,Belgium Section Section,PRODUCTION,CHOCOLALA FACTORY LLC (ONE PERSON),Finished Goods Store WH,Finished Goods Store,CHOCOLALA FACTORY LLC (ONE PERSON),CHOCOLALA FACTORY LLC (ONE PERSON)
UAE,PRODUCTIONFinished Goods Store,PRODUCTION,1102,1102 BS to FGS,Baklawa Section,PRODUCTION,CHOCOLALA FACTORY LLC (ONE PERSON),Finished Goods Store WH,Finished Goods Store,CHOCOLALA FACTORY LLC (ONE PERSON),CHOCOLALA FACTORY LLC (ONE PERSON)
UAE,PRODUCTIONFinished Goods Store,PRODUCTION,1567,1567 DGDS to FGS,Digital/Graphic Design Section,PRODUCTION,CHOCOLALA FACTORY LLC (ONE PERSON),Finished Goods Store WH,Finished Goods Store,CHOCOLALA FACTORY LLC (ONE PERSON),CHOCOLALA FACTORY LLC (ONE PERSON)
UAE,PRODUCTIONFinished Goods Store,PRODUCTION,1580,1580 ECS to FGS,Egg Chocolate Section,PRODUCTION,CHOCOLALA FACTORY LLC (ONE PERSON),Finished Goods Store WH,Finished Goods Store,CHOCOLALA FACTORY LLC (ONE PERSON),CHOCOLALA FACTORY LLC (ONE PERSON)
UAE,PRODUCTIONFinished Goods Store,PRODUCTION,1626,1626 ICS to FGS,Ice Cream Section,PRODUCTION,CHOCOLALA FACTORY LLC (ONE PERSON),Finished Goods Store WH,Finished Goods Store,CHOCOLALA FACTORY LLC (ONE PERSON),CHOCOLALA FACTORY LLC (ONE PERSON)
UAE,PRODUCTIONFinished Goods Store,PRODUCTION,1628,1628 ITS to FGS,Italian Chocolates Section,PRODUCTION,CHOCOLALA FACTORY LLC (ONE PERSON),Finished Goods Store WH,Finished Goods Store,CHOCOLALA FACTORY LLC (ONE PERSON),CHOCOLALA FACTORY LLC (ONE PERSON)
UAE,PRODUCTIONFinished Goods Store,PRODUCTION,1683,1683 OBS to FGS,Open Belgium Section,PRODUCTION,CHOCOLALA FACTORY LLC (ONE PERSON),Finished Goods Store WH,Finished Goods Store,CHOCOLALA FACTORY LLC (ONE PERSON),CHOCOLALA FACTORY LLC (ONE PERSON)
UAE,PRODUCTIONFinished Goods Store,PRODUCTION,1733,1733 Prod WH to FGS,Production WH,PRODUCTION,CHOCOLALA FACTORY LLC (ONE PERSON),Finished Goods Store WH,Finished Goods Store,CHOCOLALA FACTORY LLC (ONE PERSON),CHOCOLALA FACTORY LLC (ONE PERSON)
UAE,PRODUCTIONFinished Goods Store,PRODUCTION,1734,1734 PS to FGS,Petifour Section,PRODUCTION,CHOCOLALA FACTORY LLC (ONE PERSON),Finished Goods Store WH,Finished Goods Store,CHOCOLALA FACTORY LLC (ONE PERSON),CHOCOLALA FACTORY LLC (ONE PERSON)
UAE,PRODUCTIONFinished Goods Store,PRODUCTION,1777,1777 RCP to FGS,Consumables Store,PRODUCTION,CHOCOLALA FACTORY LLC (ONE PERSON),Finished Goods Store WH,Finished Goods Store,CHOCOLALA FACTORY LLC (ONE PERSON),CHOCOLALA FACTORY LLC (ONE PERSON)
UAE,PRODUCTIONFinished Goods Store,PRODUCTION,1800,1800 RS to FGS,Chef Shadi Section,PRODUCTION,CHOCOLALA FACTORY LLC (ONE PERSON),Finished Goods Store WH,Finished Goods Store,CHOCOLALA FACTORY LLC (ONE PERSON),CHOCOLALA FACTORY LLC (ONE PERSON)
UAE,PRODUCTIONFinished Goods Store,PRODUCTION,1871,1871 TS to FGS,Tartufa Section,PRODUCTION,CHOCOLALA FACTORY LLC (ONE PERSON),Finished Goods Store WH,Finished Goods Store,CHOCOLALA FACTORY LLC (ONE PERSON),CHOCOLALA FACTORY LLC (ONE PERSON)
UAE,PRODUCTIONHEAD OFFICE,PRODUCTION,1731,1731 PRODUCTION TO HEAD-OFFICE,Consumables Store,PRODUCTION,CHOCOLALA FACTORY LLC (ONE PERSON),Head Office Main,HEAD OFFICE,CHOCOLALA FACTORY LLC (ONE PERSON),CHOCOLALA FACTORY LLC (ONE PERSON)
UAE,PRODUCTIONPRODUCTION,PRODUCTION,1094,1094 BFRA to BS,Cakes & Others Receiving Area,PRODUCTION,CHOCOLALA FACTORY LLC (ONE PERSON),Baklawa Section,PRODUCTION,CHOCOLALA FACTORY LLC (ONE PERSON),CHOCOLALA FACTORY LLC (ONE PERSON)
UAE,PRODUCTIONRAW MATERIAL STORE,PRODUCTION,1803,1803 RS to RMS,Chef Shadi Section,PRODUCTION,CHOCOLALA FACTORY LLC (ONE PERSON),Raw Material Store WH,RAW MATERIAL STORE,CHOCOLALA FACTORY LLC (ONE PERSON),CHOCOLALA FACTORY LLC (ONE PERSON)
UAE,PRODUCTIONWORKSHOP,PRODUCTION,1008,1008 ACS TO WS,Arabic Coffee Section,PRODUCTION,CHOCOLALA FACTORY LLC (ONE PERSON),Workshop WH,WORKSHOP,CHOCOLALA FACTORY LLC (ONE PERSON),CHOCOLALA FACTORY LLC (ONE PERSON)
UAE,PRODUCTIONWORKSHOP,PRODUCTION,1097,1097 BFRA to WS,Cakes & Others Receiving Area,PRODUCTION,CHOCOLALA FACTORY LLC (ONE PERSON),Workshop WH,WORKSHOP,CHOCOLALA FACTORY LLC (ONE PERSON),CHOCOLALA FACTORY LLC (ONE PERSON)
UAE,PRODUCTIONWORKSHOP,PRODUCTION,1100,1100 BSS to WS,Belgium Section Section,PRODUCTION,CHOCOLALA FACTORY LLC (ONE PERSON),Workshop WH,WORKSHOP,CHOCOLALA FACTORY LLC (ONE PERSON),CHOCOLALA FACTORY LLC (ONE PERSON)
UAE,PRODUCTIONWORKSHOP,PRODUCTION,1627,1627 ICS to WS,Ice Cream Section,PRODUCTION,CHOCOLALA FACTORY LLC (ONE PERSON),Workshop WH,WORKSHOP,CHOCOLALA FACTORY LLC (ONE PERSON),CHOCOLALA FACTORY LLC (ONE PERSON)
UAE,PRODUCTIONWORKSHOP,PRODUCTION,1629,1629 ITS to WS,Italian Chocolates Section,PRODUCTION,CHOCOLALA FACTORY LLC (ONE PERSON),Workshop WH,WORKSHOP,CHOCOLALA FACTORY LLC (ONE PERSON),CHOCOLALA FACTORY LLC (ONE PERSON)
UAE,PRODUCTIONWORKSHOP,PRODUCTION,1684,1684 OBS to WS,Open Belgium Section,PRODUCTION,CHOCOLALA FACTORY LLC (ONE PERSON),Workshop WH,WORKSHOP,CHOCOLALA FACTORY LLC (ONE PERSON),CHOCOLALA FACTORY LLC (ONE PERSON)
UAE,PRODUCTIONWORKSHOP,PRODUCTION,1736,1736 PS to WS,Petifour Section,PRODUCTION,CHOCOLALA FACTORY LLC (ONE PERSON),Workshop WH,WORKSHOP,CHOCOLALA FACTORY LLC (ONE PERSON),CHOCOLALA FACTORY LLC (ONE PERSON)
UAE,PRODUCTIONWORKSHOP,PRODUCTION,1779,1779 RCP TO WS,Consumables Store,PRODUCTION,CHOCOLALA FACTORY LLC (ONE PERSON),Workshop WH,WORKSHOP,CHOCOLALA FACTORY LLC (ONE PERSON),CHOCOLALA FACTORY LLC (ONE PERSON)
UAE,PRODUCTIONWORKSHOP,PRODUCTION,1806,1806 SCS TO WS,Sugar Cake Section,PRODUCTION,CHOCOLALA FACTORY LLC (ONE PERSON),Workshop WH,WORKSHOP,CHOCOLALA FACTORY LLC (ONE PERSON),CHOCOLALA FACTORY LLC (ONE PERSON)
UAE,PRODUCTIONWORKSHOP,PRODUCTION,1872,1872 TS to WS,Tartufa Section,PRODUCTION,CHOCOLALA FACTORY LLC (ONE PERSON),Workshop WH,WORKSHOP,CHOCOLALA FACTORY LLC (ONE PERSON),CHOCOLALA FACTORY LLC (ONE PERSON)
UAE,PRODUCTIONPRODUCTION,PRODUCTION,1729,1729 PRDN TO FRA,Production WH,PRODUCTION,CHOCOLALA FACTORY LLC (ONE PERSON),Factory Receiving Area,PRODUCTION,CHOCOLALA FACTORY LLC (ONE PERSON),CHOCOLALA FACTORY LLC (ONE PERSON)
UAE,PRODUCTIONDECORATION STORE,PRODUCTION,1730,1730 PRODUCTION TO DECORATION STORE,Cakes & Others Receiving Area,PRODUCTION,CHOCOLALA FACTORY LLC (ONE PERSON),Packaging WH,DECORATION STORE,CHOCOLALA FACTORY LLC (ONE PERSON),CHOCOLALA FACTORY LLC (ONE PERSON)
UAE,PRODUCTIONPRODUCTION,PRODUCTION,1735,1735 PS TO FRA,Petifour Section,PRODUCTION,CHOCOLALA FACTORY LLC (ONE PERSON),Factory Receiving Area,PRODUCTION,CHOCOLALA FACTORY LLC (ONE PERSON),CHOCOLALA FACTORY LLC (ONE PERSON)
UAE,PRODUCTIONPRODUCTION,PRODUCTION,1778,1778 RCP TO FRA,Consumables Store,PRODUCTION,CHOCOLALA FACTORY LLC (ONE PERSON),Factory Receiving Area,PRODUCTION,CHOCOLALA FACTORY LLC (ONE PERSON),CHOCOLALA FACTORY LLC (ONE PERSON)
UAE,RAW MATERIAL STOREACRYLIC SECTION,RAW MATERIAL STORE,1794,1794 RMS TO CWS,Raw Material Store WH,RAW MATERIAL STORE,CHOCOLALA FACTORY LLC (ONE PERSON),Creator Workshop Section WH,ACRYLIC SECTION,CHOCOLALA FACTORY LLC (ONE PERSON),CHOCOLALA FACTORY LLC (ONE PERSON)
UAE,RAW MATERIAL STOREDECORATION STORE,RAW MATERIAL STORE,1795,1795 RMS to DS,Raw Material Store WH,RAW MATERIAL STORE,CHOCOLALA FACTORY LLC (ONE PERSON),Decoration Store Main,DECORATION STORE,CHOCOLALA FACTORY LLC (ONE PERSON),CHOCOLALA FACTORY LLC (ONE PERSON)
UAE,RAW MATERIAL STOREDelivery Dispatch Area,RAW MATERIAL STORE,1774,1774 RAW MATERIAL STORE TO Delivery Dispatch Area,Raw Material Store WH,RAW MATERIAL STORE,CHOCOLALA FACTORY LLC (ONE PERSON),Delivery Dispatch Area WH,Delivery Dispatch Area,CHOCOLALA FACTORY LLC (ONE PERSON),CHOCOLALA FACTORY LLC (ONE PERSON)
UAE,RAW MATERIAL STOREFinished Goods Store,RAW MATERIAL STORE,1796,1796 RMS to FGS,Raw Material Store WH,RAW MATERIAL STORE,CHOCOLALA FACTORY LLC (ONE PERSON),Finished Goods Store WH,Finished Goods Store,CHOCOLALA FACTORY LLC (ONE PERSON),CHOCOLALA FACTORY LLC (ONE PERSON)
UAE,RAW MATERIAL STOREHEAD OFFICE,RAW MATERIAL STORE,1798,1798 RMS to HOB,Raw Material Store WH,RAW MATERIAL STORE,CHOCOLALA FACTORY LLC (ONE PERSON),Head Office Barista,HEAD OFFICE,CHOCOLALA FACTORY LLC (ONE PERSON),CHOCOLALA FACTORY LLC (ONE PERSON)
UAE,RAW MATERIAL STOREPRODUCTION,RAW MATERIAL STORE,1792,1792 RMS to ACS,Raw Material Store WH,RAW MATERIAL STORE,CHOCOLALA FACTORY LLC (ONE PERSON),Arabic Coffee Section,PRODUCTION,CHOCOLALA FACTORY LLC (ONE PERSON),CHOCOLALA FACTORY LLC (ONE PERSON)
UAE,RAW MATERIAL STOREPRODUCTION,RAW MATERIAL STORE,1793,1793 RMS to CSS,Raw Material Store WH,RAW MATERIAL STORE,CHOCOLALA FACTORY LLC (ONE PERSON),Chef Shadi Section,PRODUCTION,CHOCOLALA FACTORY LLC (ONE PERSON),CHOCOLALA FACTORY LLC (ONE PERSON)
UAE,RAW MATERIAL STOREWORKSHOP,RAW MATERIAL STORE,1799,1799 RMS to WS,Raw Material Store WH,RAW MATERIAL STORE,CHOCOLALA FACTORY LLC (ONE PERSON),Workshop WH,WORKSHOP,CHOCOLALA FACTORY LLC (ONE PERSON),CHOCOLALA FACTORY LLC (ONE PERSON)
UAE,RAW MATERIAL STOREPRODUCTION,RAW MATERIAL STORE,1797,1797 RMS to FRA,Raw Material Store WH,RAW MATERIAL STORE,CHOCOLALA FACTORY LLC (ONE PERSON),Factory Receiving Area,PRODUCTION,CHOCOLALA FACTORY LLC (ONE PERSON),CHOCOLALA FACTORY LLC (ONE PERSON)
UAE,RAW MATERIAL STOREPRODUCTION,RAW MATERIAL STORE,1801,1801 RS TO FPA,Raw Material Store WH,RAW MATERIAL STORE,CHOCOLALA FACTORY LLC (ONE PERSON),Factory Produced Area,PRODUCTION,CHOCOLALA FACTORY LLC (ONE PERSON),CHOCOLALA FACTORY LLC (ONE PERSON)
UAE,WORKSHOPACRYLIC SECTION,WORKSHOP,1883,1883 WS TO CWS,Workshop WH,WORKSHOP,CHOCOLALA FACTORY LLC (ONE PERSON),Creator Workshop Section WH,ACRYLIC SECTION,CHOCOLALA FACTORY LLC (ONE PERSON),CHOCOLALA FACTORY LLC (ONE PERSON)
UAE,WORKSHOPDECORATION STORE,WORKSHOP,1884,1884 WS to DS,Workshop WH,WORKSHOP,CHOCOLALA FACTORY LLC (ONE PERSON),Decoration Store Main,DECORATION STORE,CHOCOLALA FACTORY LLC (ONE PERSON),CHOCOLALA FACTORY LLC (ONE PERSON)
UAE,WORKSHOPDelivery Dispatch Area,WORKSHOP,1878,1878 WORKSHOP TO Delivery Dispatch Area,Workshop WH,WORKSHOP,CHOCOLALA FACTORY LLC (ONE PERSON),Delivery Dispatch Area WH,Delivery Dispatch Area,CHOCOLALA FACTORY LLC (ONE PERSON),CHOCOLALA FACTORY LLC (ONE PERSON)
UAE,WORKSHOPFinished Goods Store,WORKSHOP,1886,1886 WS to FGS,Workshop WH,WORKSHOP,CHOCOLALA FACTORY LLC (ONE PERSON),Finished Goods Store WH,Finished Goods Store,CHOCOLALA FACTORY LLC (ONE PERSON),CHOCOLALA FACTORY LLC (ONE PERSON)
UAE,WORKSHOPHEAD OFFICE,WORKSHOP,1880,1880 WORKSHOP TO HEAD OFFICE,Workshop WH,WORKSHOP,CHOCOLALA FACTORY LLC (ONE PERSON),Head Office Main,HEAD OFFICE,CHOCOLALA FACTORY LLC (ONE PERSON),CHOCOLALA FACTORY LLC (ONE PERSON)
UAE,WORKSHOPPRODUCTION,WORKSHOP,1882,1882 WS to BSS,Workshop WH,WORKSHOP,CHOCOLALA FACTORY LLC (ONE PERSON),Belgium Section Section,PRODUCTION,CHOCOLALA FACTORY LLC (ONE PERSON),CHOCOLALA FACTORY LLC (ONE PERSON)
UAE,WORKSHOPPRODUCTION,WORKSHOP,1885,1885 WS to ECS,Workshop WH,WORKSHOP,CHOCOLALA FACTORY LLC (ONE PERSON),Egg Chocolate Section,PRODUCTION,CHOCOLALA FACTORY LLC (ONE PERSON),CHOCOLALA FACTORY LLC (ONE PERSON)
UAE,WORKSHOPPRODUCTION,WORKSHOP,1887,1887 WS TO ICS,Workshop WH,WORKSHOP,CHOCOLALA FACTORY LLC (ONE PERSON),Italian Chocolates Section,PRODUCTION,CHOCOLALA FACTORY LLC (ONE PERSON),CHOCOLALA FACTORY LLC (ONE PERSON)
UAE,WORKSHOPPRODUCTION,WORKSHOP,1888,1888 WS to ITS,Workshop WH,WORKSHOP,CHOCOLALA FACTORY LLC (ONE PERSON),Italian Chocolates Section,PRODUCTION,CHOCOLALA FACTORY LLC (ONE PERSON),CHOCOLALA FACTORY LLC (ONE PERSON)
UAE,WORKSHOPPRODUCTION,WORKSHOP,1890,1890 WS to PS,Workshop WH,WORKSHOP,CHOCOLALA FACTORY LLC (ONE PERSON),Petifour Section,PRODUCTION,CHOCOLALA FACTORY LLC (ONE PERSON),CHOCOLALA FACTORY LLC (ONE PERSON)
UAE,WORKSHOPPRODUCTION,WORKSHOP,1891,1891 WS to TS,Workshop WH,WORKSHOP,CHOCOLALA FACTORY LLC (ONE PERSON),Tartufa Section,PRODUCTION,CHOCOLALA FACTORY LLC (ONE PERSON),CHOCOLALA FACTORY LLC (ONE PERSON)
UAE,WORKSHOPRAW MATERIAL STORE,WORKSHOP,1881,1881 WORKSHOP TO RAW MATERIAL STORE,Workshop WH,WORKSHOP,CHOCOLALA FACTORY LLC (ONE PERSON),Raw Material Store WH,RAW MATERIAL STORE,CHOCOLALA FACTORY LLC (ONE PERSON),CHOCOLALA FACTORY LLC (ONE PERSON)
UAE,WORKSHOPPRODUCTION,WORKSHOP,1879,1879 WORKSHOP TO FRA,Workshop WH,WORKSHOP,CHOCOLALA FACTORY LLC (ONE PERSON),Factory Receiving Area,PRODUCTION,CHOCOLALA FACTORY LLC (ONE PERSON),CHOCOLALA FACTORY LLC (ONE PERSON)
UAE,WORKSHOPPRODUCTION,WORKSHOP,1892,1892 WS to WRS,Workshop WH,WORKSHOP,CHOCOLALA FACTORY LLC (ONE PERSON),Wrapping Section,PRODUCTION,CHOCOLALA FACTORY LLC (ONE PERSON),CHOCOLALA FACTORY LLC (ONE PERSON)
OMAN,Al-AmiratBarka,Al-Amirat,1066,1066 AMIRATH TO BARKA,Al Amirat WH,Al-Amirat,ALABSI AND PARTNERS TRADING,Barka WH,Barka,CHOCOLALA - FOREIGN BRANCH COMPANY,ALABSI AND PARTNERS TRADING
OMAN,Al-AmiratChocolala Al Araimi,Al-Amirat,1017,1017 Al-Amirat TO Chocolala Al Araimi,Al Amirat WH,Al-Amirat,ALABSI AND PARTNERS TRADING,Al Araimi WH,Chocolala Al Araimi,ALABSI AND PARTNERS TRADING,ALABSI AND PARTNERS TRADING
OMAN,Al-AmiratChocolala Al Azaiba,Al-Amirat,1016,1016 Al-Amirat to Al Azaiba,Al Amirat WH,Al-Amirat,ALABSI AND PARTNERS TRADING,Chocolala Al Azaiba WH,Chocolala Al Azaiba,ALABSI AND PARTNERS TRADING,ALABSI AND PARTNERS TRADING
OMAN,Al-AmiratChocolala Al Khoud,Al-Amirat,1018,1018 Al-Amirat TO Chocolala Al Khoud,Al Amirat WH,Al-Amirat,ALABSI AND PARTNERS TRADING,Chocolala Al Khoud WH,Chocolala Al Khoud,ALABSI AND PARTNERS TRADING,ALABSI AND PARTNERS TRADING
OMAN,Al-AmiratChocolala Al Saadah City Mall  Salalah,Al-Amirat,1019,1019 Al-Amirat TO Chocolala Al Saadah City Mall Salalah,Al Amirat WH,Al-Amirat,ALABSI AND PARTNERS TRADING,Chocolala Al Saadah City Mall Salalah WH,Chocolala Al Saadah City Mall  Salalah,ALABSI AND PARTNERS TRADING,ALABSI AND PARTNERS TRADING
OMAN,Al-AmiratChocolala Grand Mall Salalah,Al-Amirat,1020,1020 Al-Amirat TO Chocolala Grand Mall Salalah,Al Amirat WH,Al-Amirat,ALABSI AND PARTNERS TRADING,Chocolala Grand Mall Salalah WH,Chocolala Grand Mall Salalah,ALABSI AND PARTNERS TRADING,ALABSI AND PARTNERS TRADING
OMAN,Al-AmiratChocolala Mall of Oman,Al-Amirat,1021,1021 Al-Amirat TO Chocolala Mall of Oman,Al Amirat WH,Al-Amirat,ALABSI AND PARTNERS TRADING,Chocolala Mall of Oman WH,Chocolala Mall of Oman,ALABSI AND PARTNERS TRADING,ALABSI AND PARTNERS TRADING
OMAN,Al-AmiratChocolala Muscat Grand Mall,Al-Amirat,1022,1022 Al-Amirat TO Chocolala Muscat Grand Mall,Al Amirat WH,Al-Amirat,ALABSI AND PARTNERS TRADING,Chocolala Muscat Grand Mall WH,Chocolala Muscat Grand Mall,ALABSI AND PARTNERS TRADING,ALABSI AND PARTNERS TRADING
OMAN,Al-AmiratChocolala Qurum City Center,Al-Amirat,1023,1023 Al-Amirat TO Chocolala Qurum City Center,Al Amirat WH,Al-Amirat,ALABSI AND PARTNERS TRADING,Chocolala Qurum City Center WH,Chocolala Qurum City Center,ALABSI AND PARTNERS TRADING,ALABSI AND PARTNERS TRADING
OMAN,Al-AmiratChocolala Seeb City Center,Al-Amirat,1024,1024 Al-Amirat TO Chocolala Seeb City Center,Al Amirat WH,Al-Amirat,ALABSI AND PARTNERS TRADING,Chocolala Seeb City Center WH,Chocolala Seeb City Center,ALABSI AND PARTNERS TRADING,ALABSI AND PARTNERS TRADING
OMAN,Al-AmiratChocolala Sohar 2,Al-Amirat,1025,1025 Al-Amirat TO Chocolala Sohar 2,Al Amirat WH,Al-Amirat,ALABSI AND PARTNERS TRADING,Chocolala Sohar 2 WH,Chocolala Sohar 2,ALABSI AND PARTNERS TRADING,ALABSI AND PARTNERS TRADING
OMAN,Al-AmiratChocolala Sohar City Center,Al-Amirat,1026,1026 Al-Amirat TO Chocolala Sohar City Center,Al Amirat WH,Al-Amirat,ALABSI AND PARTNERS TRADING,Chocolala Sohar City Center WH,Chocolala Sohar City Center,ALABSI AND PARTNERS TRADING,ALABSI AND PARTNERS TRADING
OMAN,Al-AmiratChocolala Sur Oman,Al-Amirat,1027,1027 Al-Amirat TO Chocolala Sur Oman,Al Amirat WH,Al-Amirat,ALABSI AND PARTNERS TRADING,Chocolala Sur Oman WH,Chocolala Sur Oman,ALABSI AND PARTNERS TRADING,ALABSI AND PARTNERS TRADING
OMAN,Al-AmiratMall Of Muscat,Al-Amirat,1028,1028 Al-Amirat TO Mall Of Muscat,Al Amirat WH,Al-Amirat,ALABSI AND PARTNERS TRADING,Mall Of Muscat WH,Mall Of Muscat,ALABSI AND PARTNERS TRADING,ALABSI AND PARTNERS TRADING
OMAN,Al-AmiratOman Factory Production,Al-Amirat,1029,1029 Al-Amirat TO Oman Factory Production,Al Amirat WH,Al-Amirat,ALABSI AND PARTNERS TRADING,Oman Factory WH,Oman Factory Production,ALABSI AND PARTNERS TRADING,ALABSI AND PARTNERS TRADING
OMAN,BarkaAl-Amirat,Barka,1075,1075 BARKA to AL-AMIRAT,Barka WH,Barka,ALABSI AND PARTNERS TRADING,Al Amirat WH,Al-Amirat,ALABSI AND PARTNERS TRADING,ALABSI AND PARTNERS TRADING
OMAN,BarkaChocolala Al Araimi,Barka,1078,1078 Barka TO Chocolala Al Araimi,Barka WH,Barka,ALABSI AND PARTNERS TRADING,Al Araimi WH,Chocolala Al Araimi,ALABSI AND PARTNERS TRADING,ALABSI AND PARTNERS TRADING
OMAN,BarkaChocolala Al Azaiba,Barka,1076,1076 Barka to Al Azaiba,Barka WH,Barka,ALABSI AND PARTNERS TRADING,Chocolala Al Azaiba WH,Chocolala Al Azaiba,ALABSI AND PARTNERS TRADING,ALABSI AND PARTNERS TRADING
OMAN,BarkaChocolala Al Azaiba,Barka,1079,1079 Barka TO Chocolala Al Azaiba,Barka WH,Barka,ALABSI AND PARTNERS TRADING,Chocolala Al Azaiba WH,Chocolala Al Azaiba,ALABSI AND PARTNERS TRADING,ALABSI AND PARTNERS TRADING
OMAN,BarkaChocolala Al Khoud,Barka,1077,1077 Barka to Al Khoud,Barka WH,Barka,ALABSI AND PARTNERS TRADING,Chocolala Al Khoud WH,Chocolala Al Khoud,ALABSI AND PARTNERS TRADING,ALABSI AND PARTNERS TRADING
OMAN,BarkaChocolala Al Saadah City Mall  Salalah,Barka,1080,1080 Barka TO Chocolala Al Saadah City Mall Salalah,Barka WH,Barka,ALABSI AND PARTNERS TRADING,Chocolala Al Saadah City Mall Salalah WH,Chocolala Al Saadah City Mall  Salalah,CHOCOLALA - FOREIGN BRANCH COMPANY,ALABSI AND PARTNERS TRADING
OMAN,BarkaChocolala Grand Mall Salalah,Barka,1081,1081 Barka TO Chocolala Grand Mall Salalah,Barka WH,Barka,ALABSI AND PARTNERS TRADING,Chocolala Grand Mall Salalah WH,Chocolala Grand Mall Salalah,CHOCOLALA - FOREIGN BRANCH COMPANY,ALABSI AND PARTNERS TRADING
OMAN,BarkaChocolala Mall of Oman,Barka,1082,1082 Barka TO Chocolala Mall of Oman,Barka WH,Barka,ALABSI AND PARTNERS TRADING,Chocolala Mall of Oman WH,Chocolala Mall of Oman,CHOCOLALA - FOREIGN BRANCH COMPANY,ALABSI AND PARTNERS TRADING
OMAN,BarkaChocolala Mall of Oman,Barka,1090,1090 Barka to Mall Of Oman,Barka WH,Barka,ALABSI AND PARTNERS TRADING,Chocolala Mall of Oman WH,Chocolala Mall of Oman,CHOCOLALA - FOREIGN BRANCH COMPANY,ALABSI AND PARTNERS TRADING
OMAN,BarkaChocolala Muscat Grand Mall,Barka,1083,1083 Barka TO Chocolala Muscat Grand Mall,Barka WH,Barka,ALABSI AND PARTNERS TRADING,Chocolala Muscat Grand Mall WH,Chocolala Muscat Grand Mall,CHOCOLALA - FOREIGN BRANCH COMPANY,ALABSI AND PARTNERS TRADING
OMAN,BarkaChocolala Muscat Grand Mall,Barka,1091,1091 Barka to Muscat Grand Mall,Barka WH,Barka,ALABSI AND PARTNERS TRADING,Chocolala Muscat Grand Mall WH,Chocolala Muscat Grand Mall,Chocola Pure LLC. One Person,ALABSI AND PARTNERS TRADING
OMAN,BarkaChocolala Qurum City Center,Barka,1084,1084 Barka TO Chocolala Qurum City Center,Barka WH,Barka,ALABSI AND PARTNERS TRADING,Chocolala Qurum City Center WH,Chocolala Qurum City Center,Chocola Pure - Sole Proprietorship LLC,ALABSI AND PARTNERS TRADING
OMAN,BarkaChocolala Qurum City Center,Barka,1093,1093 Barka to Qurum City Center,Barka WH,Barka,ALABSI AND PARTNERS TRADING,Chocolala Qurum City Center WH,Chocolala Qurum City Center,Chocola Pure - Sole Proprietorship LLC,ALABSI AND PARTNERS TRADING
OMAN,BarkaChocolala Seeb City Center,Barka,1085,1085 Barka TO Chocolala Seeb City Center,Barka WH,Barka,ALABSI AND PARTNERS TRADING,Chocolala Seeb City Center WH,Chocolala Seeb City Center,Chocola Pure - Sole Proprietorship LLC,ALABSI AND PARTNERS TRADING
OMAN,BarkaChocolala Sohar 2,Barka,1086,1086 Barka TO Chocolala Sohar 2,Barka WH,Barka,ALABSI AND PARTNERS TRADING,Chocolala Sohar 2 WH,Chocolala Sohar 2,Chocola Pure - Sole Proprietorship LLC,ALABSI AND PARTNERS TRADING
OMAN,BarkaChocolala Sohar City Center,Barka,1087,1087 Barka TO Chocolala Sohar City Center,Barka WH,Barka,ALABSI AND PARTNERS TRADING,Chocolala Sohar City Center WH,Chocolala Sohar City Center,Chocola Pure - Sole Proprietorship LLC,ALABSI AND PARTNERS TRADING
OMAN,BarkaChocolala Sur Oman,Barka,1088,1088 Barka TO Chocolala Sur Oman,Barka WH,Barka,ALABSI AND PARTNERS TRADING,Chocolala Sur Oman WH,Chocolala Sur Oman,Chocola Pure - Sole Proprietorship LLC,ALABSI AND PARTNERS TRADING
OMAN,BarkaMall Of Muscat,Barka,1089,1089 Barka TO Mall Of Muscat,Barka WH,Barka,ALABSI AND PARTNERS TRADING,Mall Of Muscat WH,Mall Of Muscat,Chocola Pure - Sole Proprietorship LLC,ALABSI AND PARTNERS TRADING
OMAN,BarkaOman Factory Production,Barka,1092,1092 Barka TO Oman Factory Production,Barka WH,Barka,ALABSI AND PARTNERS TRADING,Oman Factory WH,Oman Factory Production,Chocola Pure - Sole Proprietorship LLC,ALABSI AND PARTNERS TRADING
OMAN,Chocolala Al AraimiAl-Amirat,Chocolala Al Araimi,1280,1280 Chocolala Al Araimi TO Al-Amirat,Al Araimi WH,Chocolala Al Araimi,ALABSI AND PARTNERS TRADING,Al Amirat WH,Al-Amirat,Chocola Pure - Sole Proprietorship LLC,ALABSI AND PARTNERS TRADING
OMAN,Chocolala Al AraimiBarka,Chocolala Al Araimi,1281,1281 Chocolala Al Araimi TO Barka,Al Araimi WH,Chocolala Al Araimi,ALABSI AND PARTNERS TRADING,Barka WH,Barka,Chocola Pure - Sole Proprietorship LLC,ALABSI AND PARTNERS TRADING
OMAN,Chocolala Al AraimiChocolala Al Azaiba,Chocolala Al Araimi,1030,1030 Al Araimi to Al Azaiba,Al Araimi WH,Chocolala Al Araimi,ALABSI AND PARTNERS TRADING,Chocolala Al Azaiba WH,Chocolala Al Azaiba,Chocola Pure - Sole Proprietorship LLC,ALABSI AND PARTNERS TRADING
OMAN,Chocolala Al AraimiChocolala Al Khoud,Chocolala Al Araimi,1031,1031 AL ARAIMI TO ALKHOUD,Al Araimi WH,Chocolala Al Araimi,ALABSI AND PARTNERS TRADING,Chocolala Al Khoud WH,Chocolala Al Khoud,Chocola Pure - Sole Proprietorship LLC,ALABSI AND PARTNERS TRADING
OMAN,Chocolala Al AraimiChocolala Al Saadah City Mall  Salalah,Chocolala Al Araimi,1282,1282 Chocolala Al Araimi TO Chocolala Al Saadah City Mall Sa,Al Araimi WH,Chocolala Al Araimi,ALABSI AND PARTNERS TRADING,Chocolala Al Saadah City Mall Salalah WH,Chocolala Al Saadah City Mall  Salalah,Chocola Pure - Sole Proprietorship LLC,ALABSI AND PARTNERS TRADING
OMAN,Chocolala Al AraimiChocolala Grand Mall Salalah,Chocolala Al Araimi,1283,1283 Chocolala Al Araimi TO Chocolala Grand Mall Salalah,Al Araimi WH,Chocolala Al Araimi,ALABSI AND PARTNERS TRADING,Chocolala Grand Mall Salalah WH,Chocolala Grand Mall Salalah,Chocola Pure - Sole Proprietorship LLC,ALABSI AND PARTNERS TRADING
OMAN,Chocolala Al AraimiChocolala Mall of Oman,Chocolala Al Araimi,1284,1284 Chocolala Al Araimi TO Chocolala Mall of Oman,Al Araimi WH,Chocolala Al Araimi,ALABSI AND PARTNERS TRADING,Chocolala Mall of Oman WH,Chocolala Mall of Oman,Chocola Pure - Sole Proprietorship LLC,ALABSI AND PARTNERS TRADING
OMAN,Chocolala Al AraimiChocolala Muscat Grand Mall,Chocolala Al Araimi,1034,1034 Al Araimi to Muscat Grand Mall,Al Araimi WH,Chocolala Al Araimi,ALABSI AND PARTNERS TRADING,Chocolala Muscat Grand Mall WH,Chocolala Muscat Grand Mall,Chocola Pure - Sole Proprietorship LLC,ALABSI AND PARTNERS TRADING
OMAN,Chocolala Al AraimiChocolala Muscat Grand Mall,Chocolala Al Araimi,1285,1285 Chocolala Al Araimi TO Chocolala Muscat Grand Mall,Al Araimi WH,Chocolala Al Araimi,ALABSI AND PARTNERS TRADING,Chocolala Muscat Grand Mall WH,Chocolala Muscat Grand Mall,Chocola Pure - Sole Proprietorship LLC,ALABSI AND PARTNERS TRADING
OMAN,Chocolala Al AraimiChocolala Qurum City Center,Chocolala Al Araimi,1286,1286 Chocolala Al Araimi TO Chocolala Qurum City Center,Al Araimi WH,Chocolala Al Araimi,ALABSI AND PARTNERS TRADING,Chocolala Qurum City Center WH,Chocolala Qurum City Center,Chocola Pure - Sole Proprietorship LLC,ALABSI AND PARTNERS TRADING
OMAN,Chocolala Al AraimiChocolala Seeb City Center,Chocolala Al Araimi,1032,1032 AL ARAIMI TO AL SEEB CITY CENTER,Al Araimi WH,Chocolala Al Araimi,ALABSI AND PARTNERS TRADING,Chocolala Seeb City Center WH,Chocolala Seeb City Center,Chocola Pure - Sole Proprietorship LLC,ALABSI AND PARTNERS TRADING
OMAN,Chocolala Al AraimiChocolala Seeb City Center,Chocolala Al Araimi,1287,1287 Chocolala Al Araimi TO Chocolala Seeb City Center,Al Araimi WH,Chocolala Al Araimi,ALABSI AND PARTNERS TRADING,Chocolala Seeb City Center WH,Chocolala Seeb City Center,Chocola Pure - Sole Proprietorship LLC,ALABSI AND PARTNERS TRADING
OMAN,Chocolala Al AraimiChocolala Sohar 2,Chocolala Al Araimi,1288,1288 Chocolala Al Araimi TO Chocolala Sohar 2,Al Araimi WH,Chocolala Al Araimi,ALABSI AND PARTNERS TRADING,Chocolala Sohar 2 WH,Chocolala Sohar 2,Chocola Pure - Sole Proprietorship LLC,ALABSI AND PARTNERS TRADING
OMAN,Chocolala Al AraimiChocolala Sohar City Center,Chocolala Al Araimi,1289,1289 Chocolala Al Araimi TO Chocolala Sohar City Center,Al Araimi WH,Chocolala Al Araimi,ALABSI AND PARTNERS TRADING,Chocolala Sohar City Center WH,Chocolala Sohar City Center,Chocola Pure LLC. One Person,ALABSI AND PARTNERS TRADING
OMAN,Chocolala Al AraimiChocolala Sur Oman,Chocolala Al Araimi,1290,1290 Chocolala Al Araimi TO Chocolala Sur Oman,Al Araimi WH,Chocolala Al Araimi,ALABSI AND PARTNERS TRADING,Chocolala Sur Oman WH,Chocolala Sur Oman,Chocola Pure - Sole Proprietorship LLC,ALABSI AND PARTNERS TRADING
OMAN,Chocolala Al AraimiMall Of Muscat,Chocolala Al Araimi,1033,1033 Al Araimi to Mall of Muscat,Al Araimi WH,Chocolala Al Araimi,ALABSI AND PARTNERS TRADING,Mall Of Muscat WH,Mall Of Muscat,Chocola Pure - Sole Proprietorship LLC,ALABSI AND PARTNERS TRADING
OMAN,Chocolala Al AraimiOman Factory Production,Chocolala Al Araimi,1291,1291 Chocolala Al Araimi TO Oman Factory Production,Al Araimi WH,Chocolala Al Araimi,ALABSI AND PARTNERS TRADING,Oman Factory WH,Oman Factory Production,Chocola Pure - Sole Proprietorship LLC,ALABSI AND PARTNERS TRADING
OMAN,Chocolala Al AzaibaAl-Amirat,Chocolala Al Azaiba,1040,1040 Al Azaiba to Al-Amirat,Chocolala Al Azaiba WH,Chocolala Al Azaiba,ALABSI AND PARTNERS TRADING,Al Amirat WH,Al-Amirat,Chocola Pure - Sole Proprietorship LLC,ALABSI AND PARTNERS TRADING
OMAN,Chocolala Al AzaibaBarka,Chocolala Al Azaiba,1043,1043 Al Azaiba to Barka,Chocolala Al Azaiba WH,Chocolala Al Azaiba,ALABSI AND PARTNERS TRADING,Barka WH,Barka,Chocola Pure - Sole Proprietorship LLC,ALABSI AND PARTNERS TRADING
OMAN,Chocolala Al AzaibaChocolala Al Araimi,Chocolala Al Azaiba,1041,1041 Al Azaiba to Al Araimi,Chocolala Al Azaiba WH,Chocolala Al Azaiba,ALABSI AND PARTNERS TRADING,Al Araimi WH,Chocolala Al Araimi,Chocola Pure - Sole Proprietorship LLC,ALABSI AND PARTNERS TRADING
OMAN,Chocolala Al AzaibaChocolala Al Khoud,Chocolala Al Azaiba,1042,1042 Al Azaiba to Al Khoud,Chocolala Al Azaiba WH,Chocolala Al Azaiba,ALABSI AND PARTNERS TRADING,Chocolala Al Khoud WH,Chocolala Al Khoud,Chocola Pure - Sole Proprietorship LLC,ALABSI AND PARTNERS TRADING
OMAN,Chocolala Al AzaibaChocolala Al Saadah City Mall  Salalah,Chocolala Al Azaiba,1292,1292 Chocolala Al Azaiba TO Chocolala Al Saadah City Mall Sa,Chocolala Al Azaiba WH,Chocolala Al Azaiba,ALABSI AND PARTNERS TRADING,Chocolala Al Saadah City Mall Salalah WH,Chocolala Al Saadah City Mall  Salalah,Chocola Pure - Sole Proprietorship LLC,ALABSI AND PARTNERS TRADING
OMAN,Chocolala Al AzaibaChocolala Grand Mall Salalah,Chocolala Al Azaiba,1293,1293 Chocolala Al Azaiba TO Chocolala Grand Mall Salalah,Chocolala Al Azaiba WH,Chocolala Al Azaiba,ALABSI AND PARTNERS TRADING,Chocolala Grand Mall Salalah WH,Chocolala Grand Mall Salalah,Chocola Pure - Sole Proprietorship LLC,ALABSI AND PARTNERS TRADING
OMAN,Chocolala Al AzaibaChocolala Mall of Oman,Chocolala Al Azaiba,1044,1044 Al Azaiba to Mall Of Oman,Chocolala Al Azaiba WH,Chocolala Al Azaiba,ALABSI AND PARTNERS TRADING,Chocolala Mall of Oman WH,Chocolala Mall of Oman,Chocola Pure - Sole Proprietorship LLC,ALABSI AND PARTNERS TRADING
OMAN,Chocolala Al AzaibaChocolala Muscat Grand Mall,Chocolala Al Azaiba,1294,1294 Chocolala Al Azaiba TO Chocolala Muscat Grand Mall,Chocolala Al Azaiba WH,Chocolala Al Azaiba,ALABSI AND PARTNERS TRADING,Chocolala Muscat Grand Mall WH,Chocolala Muscat Grand Mall,Chocola Pure - Sole Proprietorship LLC,ALABSI AND PARTNERS TRADING
OMAN,Chocolala Al AzaibaChocolala Qurum City Center,Chocolala Al Azaiba,1068,1068 AZAIBA TO QURRUM,Chocolala Al Azaiba WH,Chocolala Al Azaiba,ALABSI AND PARTNERS TRADING,Chocolala Qurum City Center WH,Chocolala Qurum City Center,Chocola Pure - Sole Proprietorship LLC,ALABSI AND PARTNERS TRADING
OMAN,Chocolala Al AzaibaChocolala Qurum City Center,Chocolala Al Azaiba,1295,1295 Chocolala Al Azaiba TO Chocolala Qurum City Center,Chocolala Al Azaiba WH,Chocolala Al Azaiba,ALABSI AND PARTNERS TRADING,Chocolala Qurum City Center WH,Chocolala Qurum City Center,Chocola Pure - Sole Proprietorship LLC,ALABSI AND PARTNERS TRADING
OMAN,Chocolala Al AzaibaChocolala Seeb City Center,Chocolala Al Azaiba,1045,1045 Al Azaiba to Seeb City Center,Chocolala Al Azaiba WH,Chocolala Al Azaiba,ALABSI AND PARTNERS TRADING,Chocolala Seeb City Center WH,Chocolala Seeb City Center,Chocola Pure - Sole Proprietorship LLC,ALABSI AND PARTNERS TRADING
OMAN,Chocolala Al AzaibaChocolala Sohar 2,Chocolala Al Azaiba,1296,1296 Chocolala Al Azaiba TO Chocolala Sohar 2,Chocolala Al Azaiba WH,Chocolala Al Azaiba,ALABSI AND PARTNERS TRADING,Chocolala Sohar 2 WH,Chocolala Sohar 2,Chocola Pure - Sole Proprietorship LLC,ALABSI AND PARTNERS TRADING
OMAN,Chocolala Al AzaibaChocolala Sohar City Center,Chocolala Al Azaiba,1297,1297 Chocolala Al Azaiba TO Chocolala Sohar City Center,Chocolala Al Azaiba WH,Chocolala Al Azaiba,ALABSI AND PARTNERS TRADING,Chocolala Sohar City Center WH,Chocolala Sohar City Center,Chocola Pure - Sole Proprietorship LLC,ALABSI AND PARTNERS TRADING
OMAN,Chocolala Al AzaibaChocolala Sur Oman,Chocolala Al Azaiba,1298,1298 Chocolala Al Azaiba TO Chocolala Sur Oman,Chocolala Al Azaiba WH,Chocolala Al Azaiba,ALABSI AND PARTNERS TRADING,Chocolala Sur Oman WH,Chocolala Sur Oman,Chocola Pure - Sole Proprietorship LLC,ALABSI AND PARTNERS TRADING
OMAN,Chocolala Al AzaibaMall Of Muscat,Chocolala Al Azaiba,1299,1299 Chocolala Al Azaiba TO Mall Of Muscat,Chocolala Al Azaiba WH,Chocolala Al Azaiba,ALABSI AND PARTNERS TRADING,Mall Of Muscat WH,Mall Of Muscat,Chocola Pure - Sole Proprietorship LLC,ALABSI AND PARTNERS TRADING
OMAN,Chocolala Al AzaibaOman Factory Production,Chocolala Al Azaiba,1300,1300 Chocolala Al Azaiba TO Oman Factory Production,Chocolala Al Azaiba WH,Chocolala Al Azaiba,ALABSI AND PARTNERS TRADING,Oman Factory WH,Oman Factory Production,Chocola Pure - Sole Proprietorship LLC,ALABSI AND PARTNERS TRADING
OMAN,Chocolala Al KhoudAl-Amirat,Chocolala Al Khoud,1046,1046 Al Khoud to Al-Amirat,Chocolala Al Khoud WH,Chocolala Al Khoud,ALABSI AND PARTNERS TRADING,Al Amirat WH,Al-Amirat,Chocola Pure - Sole Proprietorship LLC,ALABSI AND PARTNERS TRADING
OMAN,Chocolala Al KhoudBarka,Chocolala Al Khoud,1049,1049 Al Khoud to Barka,Chocolala Al Khoud WH,Chocolala Al Khoud,ALABSI AND PARTNERS TRADING,Barka WH,Barka,Chocola Pure - Sole Proprietorship LLC,ALABSI AND PARTNERS TRADING
OMAN,Chocolala Al KhoudChocolala Al Araimi,Chocolala Al Khoud,1047,1047 ALKHOUD TO AL ARAIMI,Chocolala Al Khoud WH,Chocolala Al Khoud,ALABSI AND PARTNERS TRADING,Al Araimi WH,Chocolala Al Araimi,Chocola Pure - Sole Proprietorship LLC,ALABSI AND PARTNERS TRADING
OMAN,Chocolala Al KhoudChocolala Al Azaiba,Chocolala Al Khoud,1048,1048 Al Khoud to Al Azaiba,Chocolala Al Khoud WH,Chocolala Al Khoud,ALABSI AND PARTNERS TRADING,Chocolala Al Azaiba WH,Chocolala Al Azaiba,Chocola Pure - Sole Proprietorship LLC,ALABSI AND PARTNERS TRADING
OMAN,Chocolala Al KhoudChocolala Al Saadah City Mall  Salalah,Chocolala Al Khoud,1302,1302 Chocolala Al Khoud TO Chocolala Al Saadah City Mall Sal,Chocolala Al Khoud WH,Chocolala Al Khoud,ALABSI AND PARTNERS TRADING,Chocolala Al Saadah City Mall Salalah WH,Chocolala Al Saadah City Mall  Salalah,Chocola Pure - Sole Proprietorship LLC,ALABSI AND PARTNERS TRADING
OMAN,Chocolala Al KhoudChocolala Grand Mall Salalah,Chocolala Al Khoud,1303,1303 Chocolala Al Khoud TO Chocolala Grand Mall Salalah,Chocolala Al Khoud WH,Chocolala Al Khoud,ALABSI AND PARTNERS TRADING,Chocolala Grand Mall Salalah WH,Chocolala Grand Mall Salalah,Chocola Pure - Sole Proprietorship LLC,ALABSI AND PARTNERS TRADING
OMAN,Chocolala Al KhoudChocolala Mall of Oman,Chocolala Al Khoud,1050,1050 Al Khoud to Mall of Oman,Chocolala Al Khoud WH,Chocolala Al Khoud,ALABSI AND PARTNERS TRADING,Chocolala Mall of Oman WH,Chocolala Mall of Oman,Chocola Pure - Sole Proprietorship LLC,ALABSI AND PARTNERS TRADING
OMAN,Chocolala Al KhoudChocolala Muscat Grand Mall,Chocolala Al Khoud,1051,1051 Al Khoud to Muscat Grand Mall,Chocolala Al Khoud WH,Chocolala Al Khoud,ALABSI AND PARTNERS TRADING,Chocolala Muscat Grand Mall WH,Chocolala Muscat Grand Mall,Chocola Pure - Sole Proprietorship LLC,ALABSI AND PARTNERS TRADING
OMAN,Chocolala Al KhoudChocolala Muscat Grand Mall,Chocolala Al Khoud,1304,1304 Chocolala Al Khoud TO Chocolala Muscat Grand Mall,Chocolala Al Khoud WH,Chocolala Al Khoud,ALABSI AND PARTNERS TRADING,Chocolala Muscat Grand Mall WH,Chocolala Muscat Grand Mall,Chocola Pure - Sole Proprietorship LLC,ALABSI AND PARTNERS TRADING
OMAN,Chocolala Al KhoudChocolala Qurum City Center,Chocolala Al Khoud,1305,1305 Chocolala Al Khoud TO Chocolala Qurum City Center,Chocolala Al Khoud WH,Chocolala Al Khoud,ALABSI AND PARTNERS TRADING,Chocolala Qurum City Center WH,Chocolala Qurum City Center,Chocola Pure - Sole Proprietorship LLC,ALABSI AND PARTNERS TRADING
OMAN,Chocolala Al KhoudChocolala Seeb City Center,Chocolala Al Khoud,1053,1053 Al Khoud to Seeb City Center,Chocolala Al Khoud WH,Chocolala Al Khoud,ALABSI AND PARTNERS TRADING,Chocolala Seeb City Center WH,Chocolala Seeb City Center,Chocola Pure - Sole Proprietorship LLC,ALABSI AND PARTNERS TRADING
OMAN,Chocolala Al KhoudChocolala Sohar 2,Chocolala Al Khoud,1054,1054 Al Khoud to Sohar 2,Chocolala Al Khoud WH,Chocolala Al Khoud,ALABSI AND PARTNERS TRADING,Chocolala Sohar 2 WH,Chocolala Sohar 2,Chocola Pure - Sole Proprietorship LLC,ALABSI AND PARTNERS TRADING
OMAN,Chocolala Al KhoudChocolala Sohar 2,Chocolala Al Khoud,1306,1306 Chocolala Al Khoud TO Chocolala Sohar 2,Chocolala Al Khoud WH,Chocolala Al Khoud,ALABSI AND PARTNERS TRADING,Chocolala Sohar 2 WH,Chocolala Sohar 2,Chocola Pure - Sole Proprietorship LLC,ALABSI AND PARTNERS TRADING
OMAN,Chocolala Al KhoudChocolala Sohar City Center,Chocolala Al Khoud,1055,1055 Al Khoud to Sohar City Center,Chocolala Al Khoud WH,Chocolala Al Khoud,ALABSI AND PARTNERS TRADING,Chocolala Sohar City Center WH,Chocolala Sohar City Center,Chocola Pure - Sole Proprietorship LLC,ALABSI AND PARTNERS TRADING
OMAN,Chocolala Al KhoudChocolala Sohar City Center,Chocolala Al Khoud,1307,1307 Chocolala Al Khoud TO Chocolala Sohar City Center,Chocolala Al Khoud WH,Chocolala Al Khoud,ALABSI AND PARTNERS TRADING,Chocolala Sohar City Center WH,Chocolala Sohar City Center,Chocolala LLC 643223,ALABSI AND PARTNERS TRADING
OMAN,Chocolala Al KhoudChocolala Sur Oman,Chocolala Al Khoud,1308,1308 Chocolala Al Khoud TO Chocolala Sur Oman,Chocolala Al Khoud WH,Chocolala Al Khoud,ALABSI AND PARTNERS TRADING,Chocolala Sur Oman WH,Chocolala Sur Oman,Chocolala LLC 643223,ALABSI AND PARTNERS TRADING
OMAN,Chocolala Al KhoudMall Of Muscat,Chocolala Al Khoud,1309,1309 Chocolala Al Khoud TO Mall Of Muscat,Chocolala Al Khoud WH,Chocolala Al Khoud,ALABSI AND PARTNERS TRADING,Mall Of Muscat WH,Mall Of Muscat,Chocolala LLC 643223,ALABSI AND PARTNERS TRADING
OMAN,Chocolala Al KhoudOman Factory Production,Chocolala Al Khoud,1052,1052 Al Khoud To Om Factory,Chocolala Al Khoud WH,Chocolala Al Khoud,ALABSI AND PARTNERS TRADING,Oman Factory WH,Oman Factory Production,Chocolala LLC 643223,ALABSI AND PARTNERS TRADING
OMAN,Chocolala Al Saadah City Mall  SalalahAl-Amirat,Chocolala Al Saadah City Mall  Salalah,1310,1310 Chocolala Al Saadah City Mall Salalah TO Al-Amirat,Chocolala Al Saadah City Mall Salalah WH,Chocolala Al Saadah City Mall  Salalah,ALABSI AND PARTNERS TRADING,Al Amirat WH,Al-Amirat,Chocolala LLC 643223,ALABSI AND PARTNERS TRADING
OMAN,Chocolala Al Saadah City Mall  SalalahBarka,Chocolala Al Saadah City Mall  Salalah,1311,1311 Chocolala Al Saadah City Mall Salalah TO Barka,Chocolala Al Saadah City Mall Salalah WH,Chocolala Al Saadah City Mall  Salalah,ALABSI AND PARTNERS TRADING,Barka WH,Barka,Chocolala LLC 643223,ALABSI AND PARTNERS TRADING
OMAN,Chocolala Al Saadah City Mall  SalalahChocolala Al Araimi,Chocolala Al Saadah City Mall  Salalah,1312,1312 Chocolala Al Saadah City Mall Salalah TO Chocolala Al A,Chocolala Al Saadah City Mall Salalah WH,Chocolala Al Saadah City Mall  Salalah,ALABSI AND PARTNERS TRADING,Al Araimi WH,Chocolala Al Araimi,Chocolala LLC 643223,ALABSI AND PARTNERS TRADING
OMAN,Chocolala Al Saadah City Mall  SalalahChocolala Al Azaiba,Chocolala Al Saadah City Mall  Salalah,1313,1313 Chocolala Al Saadah City Mall Salalah TO Chocolala Al A,Chocolala Al Saadah City Mall Salalah WH,Chocolala Al Saadah City Mall  Salalah,ALABSI AND PARTNERS TRADING,Chocolala Al Azaiba WH,Chocolala Al Azaiba,Chocolala LLC 643223,ALABSI AND PARTNERS TRADING
OMAN,Chocolala Al Saadah City Mall  SalalahChocolala Al Khoud,Chocolala Al Saadah City Mall  Salalah,1314,1314 Chocolala Al Saadah City Mall Salalah TO Chocolala Al K,Chocolala Al Saadah City Mall Salalah WH,Chocolala Al Saadah City Mall  Salalah,ALABSI AND PARTNERS TRADING,Chocolala Al Khoud WH,Chocolala Al Khoud,Chocolala LLC 643223,ALABSI AND PARTNERS TRADING
OMAN,Chocolala Al Saadah City Mall  SalalahChocolala Grand Mall Salalah,Chocolala Al Saadah City Mall  Salalah,1056,1056 Al Saadah City Mall Salalah TO Grand Mall Salalah,Chocolala Al Saadah City Mall Salalah WH,Chocolala Al Saadah City Mall  Salalah,ALABSI AND PARTNERS TRADING,Chocolala Grand Mall Salalah WH,Chocolala Grand Mall Salalah,Chocolala LLC 643223,ALABSI AND PARTNERS TRADING
OMAN,Chocolala Al Saadah City Mall  SalalahChocolala Mall of Oman,Chocolala Al Saadah City Mall  Salalah,1058,1058 Al Saadah City Mall Salalah TO Mall of Oman,Chocolala Al Saadah City Mall Salalah WH,Chocolala Al Saadah City Mall  Salalah,ALABSI AND PARTNERS TRADING,Chocolala Mall of Oman WH,Chocolala Mall of Oman,Chocolala LLC 643223,ALABSI AND PARTNERS TRADING
OMAN,Chocolala Al Saadah City Mall  SalalahChocolala Muscat Grand Mall,Chocolala Al Saadah City Mall  Salalah,1059,1059 Al Saadah City Mall Salalah TO Muscat Grand Mall,Chocolala Al Saadah City Mall Salalah WH,Chocolala Al Saadah City Mall  Salalah,ALABSI AND PARTNERS TRADING,Chocolala Muscat Grand Mall WH,Chocolala Muscat Grand Mall,Chocolala LLC 643223,ALABSI AND PARTNERS TRADING
OMAN,Chocolala Al Saadah City Mall  SalalahChocolala Qurum City Center,Chocolala Al Saadah City Mall  Salalah,1061,1061 Al Saadah City Mall Salalah TO Qurum City Center,Chocolala Al Saadah City Mall Salalah WH,Chocolala Al Saadah City Mall  Salalah,ALABSI AND PARTNERS TRADING,Chocolala Qurum City Center WH,Chocolala Qurum City Center,Chocolala LLC 643223,ALABSI AND PARTNERS TRADING
OMAN,Chocolala Al Saadah City Mall  SalalahChocolala Seeb City Center,Chocolala Al Saadah City Mall  Salalah,1062,1062 Al Saadah City Mall Salalah TO Seeb City Center,Chocolala Al Saadah City Mall Salalah WH,Chocolala Al Saadah City Mall  Salalah,ALABSI AND PARTNERS TRADING,Chocolala Seeb City Center WH,Chocolala Seeb City Center,Chocolala LLC 643223,ALABSI AND PARTNERS TRADING
OMAN,Chocolala Al Saadah City Mall  SalalahChocolala Sohar 2,Chocolala Al Saadah City Mall  Salalah,1063,1063 Al Saadah City Mall Salalah TO Sohar 2,Chocolala Al Saadah City Mall Salalah WH,Chocolala Al Saadah City Mall  Salalah,ALABSI AND PARTNERS TRADING,Chocolala Sohar 2 WH,Chocolala Sohar 2,Chocolala LLC 643223,ALABSI AND PARTNERS TRADING
OMAN,Chocolala Al Saadah City Mall  SalalahChocolala Sohar City Center,Chocolala Al Saadah City Mall  Salalah,1064,1064 Al Saadah City Mall Salalah TO Sohar City Center,Chocolala Al Saadah City Mall Salalah WH,Chocolala Al Saadah City Mall  Salalah,ALABSI AND PARTNERS TRADING,Chocolala Sohar City Center WH,Chocolala Sohar City Center,Chocolala LLC 643223,ALABSI AND PARTNERS TRADING
OMAN,Chocolala Al Saadah City Mall  SalalahChocolala Sur Oman,Chocolala Al Saadah City Mall  Salalah,1065,1065 Al Saadah City Mall Salalah TO Sur Oman,Chocolala Al Saadah City Mall Salalah WH,Chocolala Al Saadah City Mall  Salalah,ALABSI AND PARTNERS TRADING,Chocolala Sur Oman WH,Chocolala Sur Oman,Chocolala LLC 643223,ALABSI AND PARTNERS TRADING
OMAN,Chocolala Al Saadah City Mall  SalalahMall Of Muscat,Chocolala Al Saadah City Mall  Salalah,1057,1057 Al Saadah City Mall Salalah TO Mall Of Muscat,Chocolala Al Saadah City Mall Salalah WH,Chocolala Al Saadah City Mall  Salalah,ALABSI AND PARTNERS TRADING,Mall Of Muscat WH,Mall Of Muscat,Chocolala LLC 643223,ALABSI AND PARTNERS TRADING
OMAN,Chocolala Al Saadah City Mall  SalalahOman Factory Production,Chocolala Al Saadah City Mall  Salalah,1060,1060 Al Saadah City Mall Salalah TO Oman Factory Production,Chocolala Al Saadah City Mall Salalah WH,Chocolala Al Saadah City Mall  Salalah,ALABSI AND PARTNERS TRADING,Oman Factory WH,Oman Factory Production,Chocolala LLC 643223,ALABSI AND PARTNERS TRADING
OMAN,Chocolala Grand Mall SalalahAl-Amirat,Chocolala Grand Mall Salalah,1593,1593 Grand Mall Salalah TO Al-Amirat,Chocolala Grand Mall Salalah WH,Chocolala Grand Mall Salalah,ALABSI AND PARTNERS TRADING,Al Amirat WH,Al-Amirat,Chocolala LLC 643223,ALABSI AND PARTNERS TRADING
OMAN,Chocolala Grand Mall SalalahChocolala Al Azaiba,Chocolala Grand Mall Salalah,1595,1595 Grand Mall Salalah TO Al Azaiba,Chocolala Grand Mall Salalah WH,Chocolala Grand Mall Salalah,ALABSI AND PARTNERS TRADING,Chocolala Al Azaiba WH,Chocolala Al Azaiba,Chocolala LLC 643223,ALABSI AND PARTNERS TRADING
OMAN,Chocolala Grand Mall SalalahChocolala Al Khoud,Chocolala Grand Mall Salalah,1596,1596 Grand Mall Salalah TO Al Khoud,Chocolala Grand Mall Salalah WH,Chocolala Grand Mall Salalah,ALABSI AND PARTNERS TRADING,Chocolala Al Khoud WH,Chocolala Al Khoud,Chocolala LLC 643223,ALABSI AND PARTNERS TRADING
OMAN,Chocolala Grand Mall SalalahChocolala Al Saadah City Mall  Salalah,Chocolala Grand Mall Salalah,1597,1597 Grand Mall Salalah TO Al Saadah City Mall Salalah,Chocolala Grand Mall Salalah WH,Chocolala Grand Mall Salalah,ALABSI AND PARTNERS TRADING,Chocolala Al Saadah City Mall Salalah WH,Chocolala Al Saadah City Mall  Salalah,Chocolala LLC 643223,ALABSI AND PARTNERS TRADING
OMAN,Chocolala Grand Mall SalalahChocolala Mall of Oman,Chocolala Grand Mall Salalah,1599,1599 Grand Mall Salalah TO Mall of Oman,Chocolala Grand Mall Salalah WH,Chocolala Grand Mall Salalah,ALABSI AND PARTNERS TRADING,Chocolala Mall of Oman WH,Chocolala Mall of Oman,Chocolala LLC 643223,ALABSI AND PARTNERS TRADING
OMAN,Chocolala Grand Mall SalalahChocolala Muscat Grand Mall,Chocolala Grand Mall Salalah,1600,1600 Grand Mall Salalah TO Muscat Grand Mall,Chocolala Grand Mall Salalah WH,Chocolala Grand Mall Salalah,ALABSI AND PARTNERS TRADING,Chocolala Muscat Grand Mall WH,Chocolala Muscat Grand Mall,Chocolala LLC 643223,ALABSI AND PARTNERS TRADING
OMAN,Chocolala Grand Mall SalalahChocolala Qurum City Center,Chocolala Grand Mall Salalah,1601,1601 Grand Mall Salalah TO Qurum City Center,Chocolala Grand Mall Salalah WH,Chocolala Grand Mall Salalah,ALABSI AND PARTNERS TRADING,Chocolala Qurum City Center WH,Chocolala Qurum City Center,Chocolala LLC 643223,ALABSI AND PARTNERS TRADING
OMAN,Chocolala Grand Mall SalalahChocolala Sohar 2,Chocolala Grand Mall Salalah,1373,1373 Chocolala Grand Mall Salalah TO Chocolala Sohar 2,Chocolala Grand Mall Salalah WH,Chocolala Grand Mall Salalah,ALABSI AND PARTNERS TRADING,Chocolala Sohar 2 WH,Chocolala Sohar 2,Chocolala LLC 643223,ALABSI AND PARTNERS TRADING
OMAN,Chocolala Grand Mall SalalahChocolala Sohar City Center,Chocolala Grand Mall Salalah,1374,1374 Chocolala Grand Mall Salalah TO Chocolala Sohar City Ce,Chocolala Grand Mall Salalah WH,Chocolala Grand Mall Salalah,ALABSI AND PARTNERS TRADING,Chocolala Sohar City Center WH,Chocolala Sohar City Center,Chocolala LLC 643223,ALABSI AND PARTNERS TRADING
OMAN,Chocolala Grand Mall SalalahChocolala Sur Oman,Chocolala Grand Mall Salalah,1004,1004 Chocolala Grand Mall Salalah TO Chocolala Sur Oman,Chocolala Grand Mall Salalah WH,Chocolala Grand Mall Salalah,ALABSI AND PARTNERS TRADING,Chocolala Sur Oman WH,Chocolala Sur Oman,Chocolala LLC 643223,ALABSI AND PARTNERS TRADING
OMAN,Chocolala Grand Mall SalalahMall Of Muscat,Chocolala Grand Mall Salalah,1005,1005 Chocolala Grand Mall Salalah TO Mall Of Muscat,Chocolala Grand Mall Salalah WH,Chocolala Grand Mall Salalah,ALABSI AND PARTNERS TRADING,Mall Of Muscat WH,Mall Of Muscat,Chocolala LLC 643223,ALABSI AND PARTNERS TRADING
OMAN,Chocolala Grand Mall SalalahOman Factory Production,Chocolala Grand Mall Salalah,1375,1375 Chocolala Grand Mall Salalah TO Oman Factory Production,Chocolala Grand Mall Salalah WH,Chocolala Grand Mall Salalah,ALABSI AND PARTNERS TRADING,Oman Factory WH,Oman Factory Production,Chocolala LLC 643223,ALABSI AND PARTNERS TRADING
OMAN,Chocolala Mall of OmanAl-Amirat,Chocolala Mall of Oman,1399,1399 Chocolala Mall of Oman TO Al-Amirat,Chocolala Mall of Oman WH,Chocolala Mall of Oman,ALABSI AND PARTNERS TRADING,Al Amirat WH,Al-Amirat,Chocolala LLC 643223,ALABSI AND PARTNERS TRADING
OMAN,Chocolala Mall of OmanBarka,Chocolala Mall of Oman,1400,1400 Chocolala Mall of Oman TO Barka,Chocolala Mall of Oman WH,Chocolala Mall of Oman,ALABSI AND PARTNERS TRADING,Barka WH,Barka,Chocolala LLC 643223,ALABSI AND PARTNERS TRADING
OMAN,Chocolala Mall of OmanChocolala Al Azaiba,Chocolala Mall of Oman,1665,1665 Mall of Oman to Al Azaiba,Chocolala Mall of Oman WH,Chocolala Mall of Oman,ALABSI AND PARTNERS TRADING,Chocolala Al Azaiba WH,Chocolala Al Azaiba,Chocolala LLC 643223,ALABSI AND PARTNERS TRADING
OMAN,Chocolala Mall of OmanChocolala Al Khoud,Chocolala Mall of Oman,1666,1666 Mall of Oman to Al Khoud,Chocolala Mall of Oman WH,Chocolala Mall of Oman,ALABSI AND PARTNERS TRADING,Chocolala Al Khoud WH,Chocolala Al Khoud,Chocolala LLC 643223,ALABSI AND PARTNERS TRADING
OMAN,Chocolala Mall of OmanChocolala Al Saadah City Mall  Salalah,Chocolala Mall of Oman,1402,1402 Chocolala Mall of Oman TO Chocolala Al Saadah City Mall,Chocolala Mall of Oman WH,Chocolala Mall of Oman,ALABSI AND PARTNERS TRADING,Chocolala Al Saadah City Mall Salalah WH,Chocolala Al Saadah City Mall  Salalah,Chocolala LLC 643223,ALABSI AND PARTNERS TRADING
OMAN,Chocolala Mall of OmanChocolala Grand Mall Salalah,Chocolala Mall of Oman,1403,1403 Chocolala Mall of Oman TO Chocolala Grand Mall Salalah,Chocolala Mall of Oman WH,Chocolala Mall of Oman,ALABSI AND PARTNERS TRADING,Chocolala Grand Mall Salalah WH,Chocolala Grand Mall Salalah,Chocolala LLC 643223,ALABSI AND PARTNERS TRADING
OMAN,Chocolala Mall of OmanChocolala Muscat Grand Mall,Chocolala Mall of Oman,1667,1667 Mall of Oman to Muscat Grand Mall,Chocolala Mall of Oman WH,Chocolala Mall of Oman,ALABSI AND PARTNERS TRADING,Chocolala Muscat Grand Mall WH,Chocolala Muscat Grand Mall,Chocolala LLC 643223,ALABSI AND PARTNERS TRADING
OMAN,Chocolala Mall of OmanChocolala Qurum City Center,Chocolala Mall of Oman,1668,1668 Mall of Oman to Qurum City Center,Chocolala Mall of Oman WH,Chocolala Mall of Oman,ALABSI AND PARTNERS TRADING,Chocolala Qurum City Center WH,Chocolala Qurum City Center,Chocolala LLC 643223,ALABSI AND PARTNERS TRADING
OMAN,Chocolala Mall of OmanChocolala Seeb City Center,Chocolala Mall of Oman,1404,1404 Chocolala Mall of Oman TO Chocolala Seeb City Center,Chocolala Mall of Oman WH,Chocolala Mall of Oman,ALABSI AND PARTNERS TRADING,Chocolala Seeb City Center WH,Chocolala Seeb City Center,Chocolala LLC 643223,ALABSI AND PARTNERS TRADING
OMAN,Chocolala Mall of OmanChocolala Sohar 2,Chocolala Mall of Oman,1405,1405 Chocolala Mall of Oman TO Chocolala Sohar 2,Chocolala Mall of Oman WH,Chocolala Mall of Oman,ALABSI AND PARTNERS TRADING,Chocolala Sohar 2 WH,Chocolala Sohar 2,Chocolala LLC 643223,ALABSI AND PARTNERS TRADING
OMAN,Chocolala Mall of OmanChocolala Sohar City Center,Chocolala Mall of Oman,1406,1406 Chocolala Mall of Oman TO Chocolala Sohar City Center,Chocolala Mall of Oman WH,Chocolala Mall of Oman,ALABSI AND PARTNERS TRADING,Chocolala Sohar City Center WH,Chocolala Sohar City Center,Chocolala LLC 643223,ALABSI AND PARTNERS TRADING
OMAN,Chocolala Mall of OmanChocolala Sur Oman,Chocolala Mall of Oman,1407,1407 Chocolala Mall of Oman TO Chocolala Sur Oman,Chocolala Mall of Oman WH,Chocolala Mall of Oman,ALABSI AND PARTNERS TRADING,Chocolala Sur Oman WH,Chocolala Sur Oman,Chocolala LLC 643223,ALABSI AND PARTNERS TRADING
OMAN,Chocolala Mall of OmanMall Of Muscat,Chocolala Mall of Oman,1408,1408 Chocolala Mall of Oman TO Mall Of Muscat,Chocolala Mall of Oman WH,Chocolala Mall of Oman,ALABSI AND PARTNERS TRADING,Mall Of Muscat WH,Mall Of Muscat,Chocolala LLC 643223,ALABSI AND PARTNERS TRADING
OMAN,Chocolala Muscat Grand MallAl-Amirat,Chocolala Muscat Grand Mall,1670,1670 MUSCAT GRAND MALL TO AL AMIRAT,Chocolala Muscat Grand Mall WH,Chocolala Muscat Grand Mall,ALABSI AND PARTNERS TRADING,Al Amirat WH,Al-Amirat,Chocolala LLC 643223,ALABSI AND PARTNERS TRADING
OMAN,Chocolala Muscat Grand MallBarka,Chocolala Muscat Grand Mall,1414,1414 Chocolala Muscat Grand Mall TO Barka,Chocolala Muscat Grand Mall WH,Chocolala Muscat Grand Mall,ALABSI AND PARTNERS TRADING,Barka WH,Barka,Chocolala LLC 643223,ALABSI AND PARTNERS TRADING
OMAN,Chocolala Muscat Grand MallChocolala Al Araimi,Chocolala Muscat Grand Mall,1415,1415 Chocolala Muscat Grand Mall TO Chocolala Al Araimi,Chocolala Muscat Grand Mall WH,Chocolala Muscat Grand Mall,ALABSI AND PARTNERS TRADING,Al Araimi WH,Chocolala Al Araimi,Chocolala LLC 643223,ALABSI AND PARTNERS TRADING
OMAN,Chocolala Muscat Grand MallChocolala Al Azaiba,Chocolala Muscat Grand Mall,1671,1671 Muscat Grand Mall to Al Azaiba,Chocolala Muscat Grand Mall WH,Chocolala Muscat Grand Mall,ALABSI AND PARTNERS TRADING,Chocolala Al Azaiba WH,Chocolala Al Azaiba,CHOCOLALA LLC 0839,ALABSI AND PARTNERS TRADING
OMAN,Chocolala Muscat Grand MallChocolala Al Khoud,Chocolala Muscat Grand Mall,1506,1506 C MUSCUST GRANCD MALL TO C KHOUD,Chocolala Muscat Grand Mall WH,Chocolala Muscat Grand Mall,ALABSI AND PARTNERS TRADING,Chocolala Al Khoud WH,Chocolala Al Khoud,Chocolala LLC 643223,ALABSI AND PARTNERS TRADING
OMAN,Chocolala Muscat Grand MallChocolala Al Saadah City Mall  Salalah,Chocolala Muscat Grand Mall,1416,1416 Chocolala Muscat Grand Mall TO Chocolala Al Saadah City,Chocolala Muscat Grand Mall WH,Chocolala Muscat Grand Mall,ALABSI AND PARTNERS TRADING,Chocolala Al Saadah City Mall Salalah WH,Chocolala Al Saadah City Mall  Salalah,Chocolala LLC 643223,ALABSI AND PARTNERS TRADING
OMAN,Chocolala Muscat Grand MallChocolala Grand Mall Salalah,Chocolala Muscat Grand Mall,1417,1417 Chocolala Muscat Grand Mall TO Chocolala Grand Mall Sal,Chocolala Muscat Grand Mall WH,Chocolala Muscat Grand Mall,ALABSI AND PARTNERS TRADING,Chocolala Grand Mall Salalah WH,Chocolala Grand Mall Salalah,Chocolala LLC 643223,ALABSI AND PARTNERS TRADING
OMAN,Chocolala Muscat Grand MallChocolala Mall of Oman,Chocolala Muscat Grand Mall,1672,1672 MUSCAT GRAND MALL TO MALL OF OMAN,Chocolala Muscat Grand Mall WH,Chocolala Muscat Grand Mall,ALABSI AND PARTNERS TRADING,Chocolala Mall of Oman WH,Chocolala Mall of Oman,Chocolala LLC 643223,ALABSI AND PARTNERS TRADING
OMAN,Chocolala Muscat Grand MallChocolala Qurum City Center,Chocolala Muscat Grand Mall,1674,1674 Muscat Grand Mall to Qurum City Center,Chocolala Muscat Grand Mall WH,Chocolala Muscat Grand Mall,ALABSI AND PARTNERS TRADING,Chocolala Qurum City Center WH,Chocolala Qurum City Center,Chocolala LLC 643223,ALABSI AND PARTNERS TRADING
OMAN,Chocolala Muscat Grand MallChocolala Seeb City Center,Chocolala Muscat Grand Mall,1678,1678 MUSCUT GRAND MALL TO SEEB CITY CENTRE,Chocolala Muscat Grand Mall WH,Chocolala Muscat Grand Mall,ALABSI AND PARTNERS TRADING,Chocolala Seeb City Center WH,Chocolala Seeb City Center,Chocolala LLC 643223,ALABSI AND PARTNERS TRADING
OMAN,Chocolala Muscat Grand MallChocolala Sohar City Center,Chocolala Muscat Grand Mall,1676,1676 Muscat Grand Mall TO Sohar City Center,Chocolala Muscat Grand Mall WH,Chocolala Muscat Grand Mall,ALABSI AND PARTNERS TRADING,Chocolala Sohar City Center WH,Chocolala Sohar City Center,Chocolala LLC 643223,ALABSI AND PARTNERS TRADING
OMAN,Chocolala Muscat Grand MallChocolala Sur Oman,Chocolala Muscat Grand Mall,1677,1677 Muscat Grand Mall TO Sur Oman,Chocolala Muscat Grand Mall WH,Chocolala Muscat Grand Mall,ALABSI AND PARTNERS TRADING,Chocolala Sur Oman WH,Chocolala Sur Oman,Chocolala LLC 643223,ALABSI AND PARTNERS TRADING
OMAN,Chocolala Muscat Grand MallMall Of Muscat,Chocolala Muscat Grand Mall,1418,1418 Chocolala Muscat Grand Mall TO Mall Of Muscat,Chocolala Muscat Grand Mall WH,Chocolala Muscat Grand Mall,ALABSI AND PARTNERS TRADING,Mall Of Muscat WH,Mall Of Muscat,Chocolala LLC 643223,ALABSI AND PARTNERS TRADING
OMAN,Chocolala Muscat Grand MallOman Factory Production,Chocolala Muscat Grand Mall,1673,1673 Muscat Grand Mall TO Oman Factory Production,Chocolala Muscat Grand Mall WH,Chocolala Muscat Grand Mall,ALABSI AND PARTNERS TRADING,Oman Factory WH,Oman Factory Production,Chocolala LLC 643223,ALABSI AND PARTNERS TRADING
OMAN,Chocolala Qurum City CenterAl-Amirat,Chocolala Qurum City Center,1766,1766 QURUM TO AMIRAT,Chocolala Qurum City Center WH,Chocolala Qurum City Center,ALABSI AND PARTNERS TRADING,Al Amirat WH,Al-Amirat,Chocolala LLC 643223,ALABSI AND PARTNERS TRADING
OMAN,Chocolala Qurum City CenterBarka,Chocolala Qurum City Center,1756,1756 Qurum City Center TO Barka,Chocolala Qurum City Center WH,Chocolala Qurum City Center,ALABSI AND PARTNERS TRADING,Barka WH,Barka,Chocolala LLC 643223,ALABSI AND PARTNERS TRADING
OMAN,Chocolala Qurum City CenterChocolala Al Araimi,Chocolala Qurum City Center,1752,1752 Qurum City Center TO Al Araimi,Chocolala Qurum City Center WH,Chocolala Qurum City Center,ALABSI AND PARTNERS TRADING,Al Araimi WH,Chocolala Al Araimi,Chocolala LLC 643223,ALABSI AND PARTNERS TRADING
OMAN,Chocolala Qurum City CenterChocolala Al Khoud,Chocolala Qurum City Center,1754,1754 Qurum City Center TO Al Khoud,Chocolala Qurum City Center WH,Chocolala Qurum City Center,ALABSI AND PARTNERS TRADING,Chocolala Al Khoud WH,Chocolala Al Khoud,Chocolala LLC 643223,ALABSI AND PARTNERS TRADING
OMAN,Chocolala Qurum City CenterChocolala Al Saadah City Mall  Salalah,Chocolala Qurum City Center,1755,1755 Qurum City Center TO Al Saadah City Mall Salalah,Chocolala Qurum City Center WH,Chocolala Qurum City Center,ALABSI AND PARTNERS TRADING,Chocolala Al Saadah City Mall Salalah WH,Chocolala Al Saadah City Mall  Salalah,Chocolala LLC 643223,ALABSI AND PARTNERS TRADING
OMAN,Chocolala Qurum City CenterChocolala Grand Mall Salalah,Chocolala Qurum City Center,1757,1757 Qurum City Center TO Grand Mall Salalah,Chocolala Qurum City Center WH,Chocolala Qurum City Center,ALABSI AND PARTNERS TRADING,Chocolala Grand Mall Salalah WH,Chocolala Grand Mall Salalah,Chocolala LLC 643223,ALABSI AND PARTNERS TRADING
OMAN,Chocolala Qurum City CenterChocolala Mall of Oman,Chocolala Qurum City Center,1759,1759 Qurum City Center to Mall of Oman,Chocolala Qurum City Center WH,Chocolala Qurum City Center,ALABSI AND PARTNERS TRADING,Chocolala Mall of Oman WH,Chocolala Mall of Oman,Chocolala LLC 643223,ALABSI AND PARTNERS TRADING
OMAN,Chocolala Qurum City CenterChocolala Muscat Grand Mall,Chocolala Qurum City Center,1760,1760 Qurum City Center TO Muscat Grand Mall,Chocolala Qurum City Center WH,Chocolala Qurum City Center,ALABSI AND PARTNERS TRADING,Chocolala Muscat Grand Mall WH,Chocolala Muscat Grand Mall,Chocolala LLC 643223,ALABSI AND PARTNERS TRADING
OMAN,Chocolala Qurum City CenterChocolala Qurum City Center,Chocolala Qurum City Center,1753,1753 Qurum City Center to Al Khoud,Chocolala Qurum City Center WH,Chocolala Qurum City Center,ALABSI AND PARTNERS TRADING,Chocolala Qurum City Center WH,Chocolala Qurum City Center,Chocolala LLC 643223,ALABSI AND PARTNERS TRADING
OMAN,Chocolala Qurum City CenterChocolala Seeb City Center,Chocolala Qurum City Center,1762,1762 Qurum City Center TO Seeb City Center,Chocolala Qurum City Center WH,Chocolala Qurum City Center,ALABSI AND PARTNERS TRADING,Chocolala Seeb City Center WH,Chocolala Seeb City Center,Chocolala LLC 643223,ALABSI AND PARTNERS TRADING
OMAN,Chocolala Qurum City CenterChocolala Sohar 2,Chocolala Qurum City Center,1763,1763 Qurum City Center TO Sohar 2,Chocolala Qurum City Center WH,Chocolala Qurum City Center,ALABSI AND PARTNERS TRADING,Chocolala Sohar 2 WH,Chocolala Sohar 2,Chocolala LLC 643223,ALABSI AND PARTNERS TRADING
OMAN,Chocolala Qurum City CenterChocolala Sohar City Center,Chocolala Qurum City Center,1764,1764 Qurum City Center TO Sohar City Center,Chocolala Qurum City Center WH,Chocolala Qurum City Center,ALABSI AND PARTNERS TRADING,Chocolala Sohar City Center WH,Chocolala Sohar City Center,Chocolala LLC 643223,ALABSI AND PARTNERS TRADING
OMAN,Chocolala Qurum City CenterChocolala Sur Oman,Chocolala Qurum City Center,1765,1765 Qurum City Center TO Sur Oman,Chocolala Qurum City Center WH,Chocolala Qurum City Center,ALABSI AND PARTNERS TRADING,Chocolala Sur Oman WH,Chocolala Sur Oman,Chocolala LLC 643223,ALABSI AND PARTNERS TRADING
OMAN,Chocolala Qurum City CenterMall Of Muscat,Chocolala Qurum City Center,1758,1758 Qurum City Center TO Mall Of Muscat,Chocolala Qurum City Center WH,Chocolala Qurum City Center,ALABSI AND PARTNERS TRADING,Mall Of Muscat WH,Mall Of Muscat,Chocolala LLC 643223,ALABSI AND PARTNERS TRADING
OMAN,Chocolala Qurum City CenterOman Factory Production,Chocolala Qurum City Center,1761,1761 Qurum City Center TO Oman Factory Production,Chocolala Qurum City Center WH,Chocolala Qurum City Center,ALABSI AND PARTNERS TRADING,Oman Factory WH,Oman Factory Production,Chocolala LLC 643223,ALABSI AND PARTNERS TRADING
OMAN,Chocolala Seeb City CenterAl-Amirat,Chocolala Seeb City Center,1807,1807 Seeb City Center TO Al-Amirat,Chocolala Seeb City Center WH,Chocolala Seeb City Center,ALABSI AND PARTNERS TRADING,Al Amirat WH,Al-Amirat,Chocolala LLC 643223,ALABSI AND PARTNERS TRADING
OMAN,Chocolala Seeb City CenterBarka,Chocolala Seeb City Center,1811,1811 Seeb City Center TO Barka,Chocolala Seeb City Center WH,Chocolala Seeb City Center,ALABSI AND PARTNERS TRADING,Barka WH,Barka,Chocolala LLC 643223,ALABSI AND PARTNERS TRADING
OMAN,Chocolala Seeb City CenterChocolala Al Araimi,Chocolala Seeb City Center,1535,1535 C SEEB TO C ARAIMY,Chocolala Seeb City Center WH,Chocolala Seeb City Center,ALABSI AND PARTNERS TRADING,Al Araimi WH,Chocolala Al Araimi,Chocolala LLC 643223,ALABSI AND PARTNERS TRADING
OMAN,Chocolala Seeb City CenterChocolala Al Azaiba,Chocolala Seeb City Center,1808,1808 Seeb City Center to Al Azaiba,Chocolala Seeb City Center WH,Chocolala Seeb City Center,ALABSI AND PARTNERS TRADING,Chocolala Al Azaiba WH,Chocolala Al Azaiba,Chocolala LLC 643223,ALABSI AND PARTNERS TRADING
OMAN,Chocolala Seeb City CenterChocolala Al Khoud,Chocolala Seeb City Center,1809,1809 Seeb City Center to Al Khoud,Chocolala Seeb City Center WH,Chocolala Seeb City Center,ALABSI AND PARTNERS TRADING,Chocolala Al Khoud WH,Chocolala Al Khoud,Chocolala LLC 643223,ALABSI AND PARTNERS TRADING
OMAN,Chocolala Seeb City CenterChocolala Al Saadah City Mall  Salalah,Chocolala Seeb City Center,1810,1810 Seeb City Center TO Al Saadah City Mall Salalah,Chocolala Seeb City Center WH,Chocolala Seeb City Center,ALABSI AND PARTNERS TRADING,Chocolala Al Saadah City Mall Salalah WH,Chocolala Al Saadah City Mall  Salalah,Chocolala LLC 643223,ALABSI AND PARTNERS TRADING
OMAN,Chocolala Seeb City CenterChocolala Grand Mall Salalah,Chocolala Seeb City Center,1812,1812 Seeb City Center TO Grand Mall Salalah,Chocolala Seeb City Center WH,Chocolala Seeb City Center,ALABSI AND PARTNERS TRADING,Chocolala Grand Mall Salalah WH,Chocolala Grand Mall Salalah,Chocolala LLC 643223,ALABSI AND PARTNERS TRADING
OMAN,Chocolala Seeb City CenterChocolala Mall of Oman,Chocolala Seeb City Center,1814,1814 Seeb City Center TO Mall of Oman,Chocolala Seeb City Center WH,Chocolala Seeb City Center,ALABSI AND PARTNERS TRADING,Chocolala Mall of Oman WH,Chocolala Mall of Oman,Chocolala LLC 643223,ALABSI AND PARTNERS TRADING
OMAN,Chocolala Seeb City CenterChocolala Muscat Grand Mall,Chocolala Seeb City Center,1815,1815 Seeb City Center to Muscat Grand Mall,Chocolala Seeb City Center WH,Chocolala Seeb City Center,ALABSI AND PARTNERS TRADING,Chocolala Muscat Grand Mall WH,Chocolala Muscat Grand Mall,Chocolala LLC 643223,ALABSI AND PARTNERS TRADING
OMAN,Chocolala Seeb City CenterChocolala Muscat Grand Mall,Chocolala Seeb City Center,1816,1816 Seeb City Center TO Muscat Grand Mall,Chocolala Seeb City Center WH,Chocolala Seeb City Center,ALABSI AND PARTNERS TRADING,Chocolala Muscat Grand Mall WH,Chocolala Muscat Grand Mall,Chocolala LLC 643223,ALABSI AND PARTNERS TRADING
OMAN,Chocolala Seeb City CenterChocolala Qurum City Center,Chocolala Seeb City Center,1818,1818 Seeb City Center TO Qurum City Center,Chocolala Seeb City Center WH,Chocolala Seeb City Center,ALABSI AND PARTNERS TRADING,Chocolala Qurum City Center WH,Chocolala Qurum City Center,Chocolala LLC 643223,ALABSI AND PARTNERS TRADING
OMAN,Chocolala Seeb City CenterChocolala Sohar 2,Chocolala Seeb City Center,1819,1819 Seeb City Center TO Sohar 2,Chocolala Seeb City Center WH,Chocolala Seeb City Center,ALABSI AND PARTNERS TRADING,Chocolala Sohar 2 WH,Chocolala Sohar 2,Chocolala LLC 643223,ALABSI AND PARTNERS TRADING
OMAN,Chocolala Seeb City CenterChocolala Sohar City Center,Chocolala Seeb City Center,1820,1820 Seeb City Center TO Sohar City Center,Chocolala Seeb City Center WH,Chocolala Seeb City Center,ALABSI AND PARTNERS TRADING,Chocolala Sohar City Center WH,Chocolala Sohar City Center,Chocolala LLC 643223,ALABSI AND PARTNERS TRADING
OMAN,Chocolala Seeb City CenterChocolala Sur Oman,Chocolala Seeb City Center,1821,1821 Seeb City Center TO Sur Oman,Chocolala Seeb City Center WH,Chocolala Seeb City Center,ALABSI AND PARTNERS TRADING,Chocolala Sur Oman WH,Chocolala Sur Oman,Chocolala LLC 643223,ALABSI AND PARTNERS TRADING
OMAN,Chocolala Seeb City CenterMall Of Muscat,Chocolala Seeb City Center,1813,1813 Seeb City Center TO Mall Of Muscat,Chocolala Seeb City Center WH,Chocolala Seeb City Center,ALABSI AND PARTNERS TRADING,Mall Of Muscat WH,Mall Of Muscat,Chocolala LLC 643223,ALABSI AND PARTNERS TRADING
OMAN,Chocolala Seeb City CenterOman Factory Production,Chocolala Seeb City Center,1817,1817 Seeb City Center TO Oman Factory Production,Chocolala Seeb City Center WH,Chocolala Seeb City Center,ALABSI AND PARTNERS TRADING,Oman Factory WH,Oman Factory Production,Chocolala LLC 643223,ALABSI AND PARTNERS TRADING
OMAN,Chocolala Sohar 2Al-Amirat,Chocolala Sohar 2,1439,1439 Chocolala Sohar 2 TO Al-Amirat,Chocolala Sohar 2 WH,Chocolala Sohar 2,ALABSI AND PARTNERS TRADING,Al Amirat WH,Al-Amirat,Chocolala LLC 643223,ALABSI AND PARTNERS TRADING
OMAN,Chocolala Sohar 2Barka,Chocolala Sohar 2,1831,1831 Sohar 2 TO Barka,Chocolala Sohar 2 WH,Chocolala Sohar 2,ALABSI AND PARTNERS TRADING,Barka WH,Barka,Chocolala LLC 643223,ALABSI AND PARTNERS TRADING
OMAN,Chocolala Sohar 2Chocolala Al Araimi,Chocolala Sohar 2,1827,1827 Sohar 2 TO Al Araimi,Chocolala Sohar 2 WH,Chocolala Sohar 2,ALABSI AND PARTNERS TRADING,Al Araimi WH,Chocolala Al Araimi,Chocolala LLC 643223,ALABSI AND PARTNERS TRADING
OMAN,Chocolala Sohar 2Chocolala Al Azaiba,Chocolala Sohar 2,1828,1828 Sohar 2 TO Al Azaiba,Chocolala Sohar 2 WH,Chocolala Sohar 2,ALABSI AND PARTNERS TRADING,Chocolala Al Azaiba WH,Chocolala Al Azaiba,Chocolala LLC 643223,ALABSI AND PARTNERS TRADING
OMAN,Chocolala Sohar 2Chocolala Al Khoud,Chocolala Sohar 2,1829,1829 SOHAR 2 TO AL KHOUD,Chocolala Sohar 2 WH,Chocolala Sohar 2,ALABSI AND PARTNERS TRADING,Chocolala Al Khoud WH,Chocolala Al Khoud,Chocolala LLC 643223,ALABSI AND PARTNERS TRADING
OMAN,Chocolala Sohar 2Chocolala Al Saadah City Mall  Salalah,Chocolala Sohar 2,1830,1830 Sohar 2 TO Al Saadah City Mall Salalah,Chocolala Sohar 2 WH,Chocolala Sohar 2,ALABSI AND PARTNERS TRADING,Chocolala Al Saadah City Mall Salalah WH,Chocolala Al Saadah City Mall  Salalah,ALABSI AND PARTNERS TRADING,ALABSI AND PARTNERS TRADING
OMAN,Chocolala Sohar 2Chocolala Grand Mall Salalah,Chocolala Sohar 2,1832,1832 Sohar 2 TO Grand Mall Salalah,Chocolala Sohar 2 WH,Chocolala Sohar 2,ALABSI AND PARTNERS TRADING,Chocolala Grand Mall Salalah WH,Chocolala Grand Mall Salalah,ALABSI AND PARTNERS TRADING,ALABSI AND PARTNERS TRADING
OMAN,Chocolala Sohar 2Chocolala Mall of Oman,Chocolala Sohar 2,1834,1834 Sohar 2 TO Mall of Oman,Chocolala Sohar 2 WH,Chocolala Sohar 2,ALABSI AND PARTNERS TRADING,Chocolala Mall of Oman WH,Chocolala Mall of Oman,ALABSI AND PARTNERS TRADING,ALABSI AND PARTNERS TRADING
OMAN,Chocolala Sohar 2Chocolala Muscat Grand Mall,Chocolala Sohar 2,1835,1835 Sohar 2 TO Muscat Grand Mall,Chocolala Sohar 2 WH,Chocolala Sohar 2,ALABSI AND PARTNERS TRADING,Chocolala Muscat Grand Mall WH,Chocolala Muscat Grand Mall,ALABSI AND PARTNERS TRADING,ALABSI AND PARTNERS TRADING
OMAN,Chocolala Sohar 2Chocolala Qurum City Center,Chocolala Sohar 2,1837,1837 Sohar 2 TO Qurum City Center,Chocolala Sohar 2 WH,Chocolala Sohar 2,ALABSI AND PARTNERS TRADING,Chocolala Qurum City Center WH,Chocolala Qurum City Center,ALABSI AND PARTNERS TRADING,ALABSI AND PARTNERS TRADING
OMAN,Chocolala Sohar 2Chocolala Seeb City Center,Chocolala Sohar 2,1838,1838 Sohar 2 TO Seeb City Center,Chocolala Sohar 2 WH,Chocolala Sohar 2,ALABSI AND PARTNERS TRADING,Chocolala Seeb City Center WH,Chocolala Seeb City Center,ALABSI AND PARTNERS TRADING,ALABSI AND PARTNERS TRADING
OMAN,Chocolala Sohar 2Chocolala Sohar City Center,Chocolala Sohar 2,1839,1839 SOHAR 2 TO SOHAR 1,Chocolala Sohar 2 WH,Chocolala Sohar 2,ALABSI AND PARTNERS TRADING,Chocolala Sohar City Center WH,Chocolala Sohar City Center,ALABSI AND PARTNERS TRADING,ALABSI AND PARTNERS TRADING
OMAN,Chocolala Sohar 2Chocolala Sohar City Center,Chocolala Sohar 2,1840,1840 Sohar 2 TO Sohar City Center,Chocolala Sohar 2 WH,Chocolala Sohar 2,ALABSI AND PARTNERS TRADING,Chocolala Sohar City Center WH,Chocolala Sohar City Center,ALABSI AND PARTNERS TRADING,ALABSI AND PARTNERS TRADING
OMAN,Chocolala Sohar 2Chocolala Sur Oman,Chocolala Sohar 2,1841,1841 Sohar 2 TO Sur Oman,Chocolala Sohar 2 WH,Chocolala Sohar 2,ALABSI AND PARTNERS TRADING,Chocolala Sur Oman WH,Chocolala Sur Oman,ALABSI AND PARTNERS TRADING,ALABSI AND PARTNERS TRADING
OMAN,Chocolala Sohar 2Mall Of Muscat,Chocolala Sohar 2,1833,1833 Sohar 2 TO Mall Of Muscat,Chocolala Sohar 2 WH,Chocolala Sohar 2,ALABSI AND PARTNERS TRADING,Mall Of Muscat WH,Mall Of Muscat,ALABSI AND PARTNERS TRADING,ALABSI AND PARTNERS TRADING
OMAN,Chocolala Sohar 2Oman Factory Production,Chocolala Sohar 2,1836,1836 Sohar 2 TO Oman Factory Production,Chocolala Sohar 2 WH,Chocolala Sohar 2,ALABSI AND PARTNERS TRADING,Oman Factory WH,Oman Factory Production,ALABSI AND PARTNERS TRADING,ALABSI AND PARTNERS TRADING
OMAN,Chocolala Sohar City CenterAl-Amirat,Chocolala Sohar City Center,1843,1843 Sohar City Center TO Al-Amirat,Chocolala Sohar City Center WH,Chocolala Sohar City Center,ALABSI AND PARTNERS TRADING,Al Amirat WH,Al-Amirat,ALABSI AND PARTNERS TRADING,ALABSI AND PARTNERS TRADING
OMAN,Chocolala Sohar City CenterBarka,Chocolala Sohar City Center,1847,1847 Sohar City Center TO Barka,Chocolala Sohar City Center WH,Chocolala Sohar City Center,ALABSI AND PARTNERS TRADING,Barka WH,Barka,ALABSI AND PARTNERS TRADING,ALABSI AND PARTNERS TRADING
OMAN,Chocolala Sohar City CenterChocolala Al Araimi,Chocolala Sohar City Center,1844,1844 Sohar City Center TO Al Araimi,Chocolala Sohar City Center WH,Chocolala Sohar City Center,ALABSI AND PARTNERS TRADING,Al Araimi WH,Chocolala Al Araimi,ALABSI AND PARTNERS TRADING,ALABSI AND PARTNERS TRADING
OMAN,Chocolala Sohar City CenterChocolala Al Azaiba,Chocolala Sohar City Center,1845,1845 Sohar City Center TO Al Azaiba,Chocolala Sohar City Center WH,Chocolala Sohar City Center,ALABSI AND PARTNERS TRADING,Chocolala Al Azaiba WH,Chocolala Al Azaiba,ALABSI AND PARTNERS TRADING,ALABSI AND PARTNERS TRADING
OMAN,Chocolala Sohar City CenterChocolala Al Khoud,Chocolala Sohar City Center,1842,1842 SOHAR CC TO AL KHOUD,Chocolala Sohar City Center WH,Chocolala Sohar City Center,ALABSI AND PARTNERS TRADING,Chocolala Al Khoud WH,Chocolala Al Khoud,ALABSI AND PARTNERS TRADING,ALABSI AND PARTNERS TRADING
OMAN,Chocolala Sohar City CenterChocolala Al Saadah City Mall  Salalah,Chocolala Sohar City Center,1846,1846 Sohar City Center TO Al Saadah City Mall Salalah,Chocolala Sohar City Center WH,Chocolala Sohar City Center,ALABSI AND PARTNERS TRADING,Chocolala Al Saadah City Mall Salalah WH,Chocolala Al Saadah City Mall  Salalah,ALABSI AND PARTNERS TRADING,ALABSI AND PARTNERS TRADING
OMAN,Chocolala Sohar City CenterChocolala Grand Mall Salalah,Chocolala Sohar City Center,1848,1848 Sohar City Center TO Grand Mall Salalah,Chocolala Sohar City Center WH,Chocolala Sohar City Center,ALABSI AND PARTNERS TRADING,Chocolala Grand Mall Salalah WH,Chocolala Grand Mall Salalah,ALABSI AND PARTNERS TRADING,ALABSI AND PARTNERS TRADING
OMAN,Chocolala Sohar City CenterChocolala Mall of Oman,Chocolala Sohar City Center,1850,1850 Sohar City Center TO Mall of Oman,Chocolala Sohar City Center WH,Chocolala Sohar City Center,ALABSI AND PARTNERS TRADING,Chocolala Mall of Oman WH,Chocolala Mall of Oman,ALABSI AND PARTNERS TRADING,ALABSI AND PARTNERS TRADING
OMAN,Chocolala Sohar City CenterChocolala Muscat Grand Mall,Chocolala Sohar City Center,1851,1851 Sohar City Center TO Muscat Grand Mall,Chocolala Sohar City Center WH,Chocolala Sohar City Center,ALABSI AND PARTNERS TRADING,Chocolala Muscat Grand Mall WH,Chocolala Muscat Grand Mall,ALABSI AND PARTNERS TRADING,ALABSI AND PARTNERS TRADING
OMAN,Chocolala Sohar City CenterChocolala Qurum City Center,Chocolala Sohar City Center,1853,1853 Sohar City Center TO Qurum City Center,Chocolala Sohar City Center WH,Chocolala Sohar City Center,ALABSI AND PARTNERS TRADING,Chocolala Qurum City Center WH,Chocolala Qurum City Center,ALABSI AND PARTNERS TRADING,ALABSI AND PARTNERS TRADING
OMAN,Chocolala Sohar City CenterChocolala Sohar 2,Chocolala Sohar City Center,1540,1540 C SOHAR CC TO SOHAR-2,Chocolala Sohar City Center WH,Chocolala Sohar City Center,ALABSI AND PARTNERS TRADING,Chocolala Sohar 2 WH,Chocolala Sohar 2,ALABSI AND PARTNERS TRADING,ALABSI AND PARTNERS TRADING
OMAN,Chocolala Sohar City CenterChocolala Sur Oman,Chocolala Sohar City Center,1855,1855 Sohar City Center TO Sur Oman,Chocolala Sohar City Center WH,Chocolala Sohar City Center,ALABSI AND PARTNERS TRADING,Chocolala Sur Oman WH,Chocolala Sur Oman,ALABSI AND PARTNERS TRADING,ALABSI AND PARTNERS TRADING
OMAN,Chocolala Sohar City CenterMall Of Muscat,Chocolala Sohar City Center,1849,1849 Sohar City Center TO Mall Of Muscat,Chocolala Sohar City Center WH,Chocolala Sohar City Center,ALABSI AND PARTNERS TRADING,Mall Of Muscat WH,Mall Of Muscat,ALABSI AND PARTNERS TRADING,ALABSI AND PARTNERS TRADING
OMAN,Chocolala Sohar City CenterOman Factory Production,Chocolala Sohar City Center,1852,1852 Sohar City Center TO Oman Factory Production,Chocolala Sohar City Center WH,Chocolala Sohar City Center,ALABSI AND PARTNERS TRADING,Oman Factory WH,Oman Factory Production,ALABSI AND PARTNERS TRADING,ALABSI AND PARTNERS TRADING
OMAN,Chocolala Sur OmanAl-Amirat,Chocolala Sur Oman,1856,1856 Sur Oman TO Al-Amirat,Chocolala Sur Oman WH,Chocolala Sur Oman,ALABSI AND PARTNERS TRADING,Al Amirat WH,Al-Amirat,ALABSI AND PARTNERS TRADING,ALABSI AND PARTNERS TRADING
OMAN,Chocolala Sur OmanBarka,Chocolala Sur Oman,1861,1861 Sur Oman TO Barka,Chocolala Sur Oman WH,Chocolala Sur Oman,ALABSI AND PARTNERS TRADING,Barka WH,Barka,ALABSI AND PARTNERS TRADING,ALABSI AND PARTNERS TRADING
OMAN,Chocolala Sur OmanChocolala Al Araimi,Chocolala Sur Oman,1857,1857 Sur Oman TO Al Araimi,Chocolala Sur Oman WH,Chocolala Sur Oman,ALABSI AND PARTNERS TRADING,Al Araimi WH,Chocolala Al Araimi,ALABSI AND PARTNERS TRADING,ALABSI AND PARTNERS TRADING
OMAN,Chocolala Sur OmanChocolala Al Azaiba,Chocolala Sur Oman,1858,1858 Sur Oman TO Al Azaiba,Chocolala Sur Oman WH,Chocolala Sur Oman,ALABSI AND PARTNERS TRADING,Chocolala Al Azaiba WH,Chocolala Al Azaiba,ALABSI AND PARTNERS TRADING,ALABSI AND PARTNERS TRADING
OMAN,Chocolala Sur OmanChocolala Al Khoud,Chocolala Sur Oman,1859,1859 Sur Oman TO Al Khoud,Chocolala Sur Oman WH,Chocolala Sur Oman,ALABSI AND PARTNERS TRADING,Chocolala Al Khoud WH,Chocolala Al Khoud,ALABSI AND PARTNERS TRADING,ALABSI AND PARTNERS TRADING
OMAN,Chocolala Sur OmanChocolala Al Saadah City Mall  Salalah,Chocolala Sur Oman,1860,1860 Sur Oman TO Al Saadah City Mall Salalah,Chocolala Sur Oman WH,Chocolala Sur Oman,ALABSI AND PARTNERS TRADING,Chocolala Al Saadah City Mall Salalah WH,Chocolala Al Saadah City Mall  Salalah,ALABSI AND PARTNERS TRADING,ALABSI AND PARTNERS TRADING
OMAN,Chocolala Sur OmanChocolala Grand Mall Salalah,Chocolala Sur Oman,1862,1862 Sur Oman TO Grand Mall Salalah,Chocolala Sur Oman WH,Chocolala Sur Oman,ALABSI AND PARTNERS TRADING,Chocolala Grand Mall Salalah WH,Chocolala Grand Mall Salalah,ALABSI AND PARTNERS TRADING,ALABSI AND PARTNERS TRADING
OMAN,Chocolala Sur OmanChocolala Mall of Oman,Chocolala Sur Oman,1864,1864 Sur Oman TO Mall of Oman,Chocolala Sur Oman WH,Chocolala Sur Oman,ALABSI AND PARTNERS TRADING,Chocolala Mall of Oman WH,Chocolala Mall of Oman,ALABSI AND PARTNERS TRADING,ALABSI AND PARTNERS TRADING
OMAN,Chocolala Sur OmanChocolala Muscat Grand Mall,Chocolala Sur Oman,1865,1865 Sur Oman TO Muscat Grand Mall,Chocolala Sur Oman WH,Chocolala Sur Oman,ALABSI AND PARTNERS TRADING,Chocolala Muscat Grand Mall WH,Chocolala Muscat Grand Mall,ALABSI AND PARTNERS TRADING,ALABSI AND PARTNERS TRADING
OMAN,Chocolala Sur OmanChocolala Qurum City Center,Chocolala Sur Oman,1867,1867 Sur Oman TO Qurum City Center,Chocolala Sur Oman WH,Chocolala Sur Oman,ALABSI AND PARTNERS TRADING,Chocolala Qurum City Center WH,Chocolala Qurum City Center,ALABSI AND PARTNERS TRADING,ALABSI AND PARTNERS TRADING
OMAN,Chocolala Sur OmanChocolala Seeb City Center,Chocolala Sur Oman,1868,1868 Sur Oman TO Seeb City Center,Chocolala Sur Oman WH,Chocolala Sur Oman,ALABSI AND PARTNERS TRADING,Chocolala Seeb City Center WH,Chocolala Seeb City Center,ALABSI AND PARTNERS TRADING,ALABSI AND PARTNERS TRADING
OMAN,Chocolala Sur OmanChocolala Sohar 2,Chocolala Sur Oman,1869,1869 Sur Oman TO Sohar 2,Chocolala Sur Oman WH,Chocolala Sur Oman,ALABSI AND PARTNERS TRADING,Chocolala Sohar 2 WH,Chocolala Sohar 2,ALABSI AND PARTNERS TRADING,ALABSI AND PARTNERS TRADING
OMAN,Chocolala Sur OmanChocolala Sohar City Center,Chocolala Sur Oman,1870,1870 Sur Oman TO Sohar City Center,Chocolala Sur Oman WH,Chocolala Sur Oman,ALABSI AND PARTNERS TRADING,Chocolala Sohar City Center WH,Chocolala Sohar City Center,ALABSI AND PARTNERS TRADING,ALABSI AND PARTNERS TRADING
OMAN,Chocolala Sur OmanMall Of Muscat,Chocolala Sur Oman,1863,1863 Sur Oman TO Mall Of Muscat,Chocolala Sur Oman WH,Chocolala Sur Oman,ALABSI AND PARTNERS TRADING,Mall Of Muscat WH,Mall Of Muscat,ALABSI AND PARTNERS TRADING,ALABSI AND PARTNERS TRADING
OMAN,Chocolala Sur OmanOman Factory Production,Chocolala Sur Oman,1866,1866 Sur Oman TO Oman Factory Production,Chocolala Sur Oman WH,Chocolala Sur Oman,ALABSI AND PARTNERS TRADING,Oman Factory WH,Oman Factory Production,ALABSI AND PARTNERS TRADING,ALABSI AND PARTNERS TRADING
OMAN,Mall Of MuscatAl-Amirat,Mall Of Muscat,1648,1648 Mall Of Muscat TO Al-Amirat,Mall Of Muscat WH,Mall Of Muscat,ALABSI AND PARTNERS TRADING,Al Amirat WH,Al-Amirat,ALABSI AND PARTNERS TRADING,ALABSI AND PARTNERS TRADING
OMAN,Mall Of MuscatBarka,Mall Of Muscat,1653,1653 Mall Of Muscat TO Barka,Mall Of Muscat WH,Mall Of Muscat,ALABSI AND PARTNERS TRADING,Barka WH,Barka,ALABSI AND PARTNERS TRADING,ALABSI AND PARTNERS TRADING
OMAN,Mall Of MuscatChocolala Al Araimi,Mall Of Muscat,1649,1649 MALL OF MUSCAT TO AL ARAIMI,Mall Of Muscat WH,Mall Of Muscat,ALABSI AND PARTNERS TRADING,Al Araimi WH,Chocolala Al Araimi,ALABSI AND PARTNERS TRADING,ALABSI AND PARTNERS TRADING
OMAN,Mall Of MuscatChocolala Al Azaiba,Mall Of Muscat,1650,1650 Mall Of Muscat TO Al Azaiba,Mall Of Muscat WH,Mall Of Muscat,ALABSI AND PARTNERS TRADING,Chocolala Al Azaiba WH,Chocolala Al Azaiba,ALABSI AND PARTNERS TRADING,ALABSI AND PARTNERS TRADING
OMAN,Mall Of MuscatChocolala Al Khoud,Mall Of Muscat,1651,1651 Mall Of Muscat TO Al Khoud,Mall Of Muscat WH,Mall Of Muscat,ALABSI AND PARTNERS TRADING,Chocolala Al Khoud WH,Chocolala Al Khoud,ALABSI AND PARTNERS TRADING,ALABSI AND PARTNERS TRADING
OMAN,Mall Of MuscatChocolala Al Saadah City Mall  Salalah,Mall Of Muscat,1652,1652 Mall Of Muscat TO Al Saadah City Mall Salalah,Mall Of Muscat WH,Mall Of Muscat,ALABSI AND PARTNERS TRADING,Chocolala Al Saadah City Mall Salalah WH,Chocolala Al Saadah City Mall  Salalah,ALABSI AND PARTNERS TRADING,ALABSI AND PARTNERS TRADING
OMAN,Mall Of MuscatChocolala Grand Mall Salalah,Mall Of Muscat,1654,1654 Mall Of Muscat TO Grand Mall Salalah,Mall Of Muscat WH,Mall Of Muscat,ALABSI AND PARTNERS TRADING,Chocolala Grand Mall Salalah WH,Chocolala Grand Mall Salalah,ALABSI AND PARTNERS TRADING,ALABSI AND PARTNERS TRADING
OMAN,Mall Of MuscatChocolala Mall of Oman,Mall Of Muscat,1655,1655 Mall Of Muscat to Mall Of Oman,Mall Of Muscat WH,Mall Of Muscat,ALABSI AND PARTNERS TRADING,Chocolala Mall of Oman WH,Chocolala Mall of Oman,ALABSI AND PARTNERS TRADING,ALABSI AND PARTNERS TRADING
OMAN,Mall Of MuscatChocolala Mall of Oman,Mall Of Muscat,1656,1656 Mall Of Muscat TO Mall of Oman,Mall Of Muscat WH,Mall Of Muscat,ALABSI AND PARTNERS TRADING,Chocolala Mall of Oman WH,Chocolala Mall of Oman,ALABSI AND PARTNERS TRADING,ALABSI AND PARTNERS TRADING
OMAN,Mall Of MuscatChocolala Muscat Grand Mall,Mall Of Muscat,1657,1657 Mall Of Muscat to Muscat Grand Mall,Mall Of Muscat WH,Mall Of Muscat,ALABSI AND PARTNERS TRADING,Chocolala Muscat Grand Mall WH,Chocolala Muscat Grand Mall,ALABSI AND PARTNERS TRADING,ALABSI AND PARTNERS TRADING
OMAN,Mall Of MuscatChocolala Muscat Grand Mall,Mall Of Muscat,1658,1658 Mall Of Muscat TO Muscat Grand Mall,Mall Of Muscat WH,Mall Of Muscat,ALABSI AND PARTNERS TRADING,Chocolala Muscat Grand Mall WH,Chocolala Muscat Grand Mall,ALABSI AND PARTNERS TRADING,ALABSI AND PARTNERS TRADING
OMAN,Mall Of MuscatChocolala Qurum City Center,Mall Of Muscat,1660,1660 Mall Of Muscat TO Qurum City Center,Mall Of Muscat WH,Mall Of Muscat,ALABSI AND PARTNERS TRADING,Chocolala Qurum City Center WH,Chocolala Qurum City Center,ALABSI AND PARTNERS TRADING,ALABSI AND PARTNERS TRADING
OMAN,Mall Of MuscatChocolala Seeb City Center,Mall Of Muscat,1661,1661 Mall Of Muscat TO Seeb City Center,Mall Of Muscat WH,Mall Of Muscat,ALABSI AND PARTNERS TRADING,Chocolala Seeb City Center WH,Chocolala Seeb City Center,ALABSI AND PARTNERS TRADING,ALABSI AND PARTNERS TRADING
OMAN,Mall Of MuscatChocolala Sohar 2,Mall Of Muscat,1662,1662 Mall Of Muscat TO Sohar 2,Mall Of Muscat WH,Mall Of Muscat,ALABSI AND PARTNERS TRADING,Chocolala Sohar 2 WH,Chocolala Sohar 2,ALABSI AND PARTNERS TRADING,ALABSI AND PARTNERS TRADING
OMAN,Mall Of MuscatChocolala Sohar City Center,Mall Of Muscat,1663,1663 Mall Of Muscat TO Sohar City Center,Mall Of Muscat WH,Mall Of Muscat,ALABSI AND PARTNERS TRADING,Chocolala Sohar City Center WH,Chocolala Sohar City Center,ALABSI AND PARTNERS TRADING,ALABSI AND PARTNERS TRADING
OMAN,Mall Of MuscatChocolala Sur Oman,Mall Of Muscat,1664,1664 Mall Of Muscat TO Sur Oman,Mall Of Muscat WH,Mall Of Muscat,ALABSI AND PARTNERS TRADING,Chocolala Sur Oman WH,Chocolala Sur Oman,ALABSI AND PARTNERS TRADING,ALABSI AND PARTNERS TRADING
OMAN,Mall Of MuscatOman Factory Production,Mall Of Muscat,1659,1659 Mall Of Muscat TO Oman Factory Production,Mall Of Muscat WH,Mall Of Muscat,ALABSI AND PARTNERS TRADING,Oman Factory WH,Oman Factory Production,ALABSI AND PARTNERS TRADING,ALABSI AND PARTNERS TRADING
OMAN,Oman Factory ProductionAl-Amirat,Oman Factory Production,1685,1685 Oman Factory Production TO Al-Amirat,Oman Factory WH,Oman Factory Production,ALABSI AND PARTNERS TRADING,Al Amirat WH,Al-Amirat,ALABSI AND PARTNERS TRADING,ALABSI AND PARTNERS TRADING
OMAN,Oman Factory ProductionBarka,Oman Factory Production,1220,1220 OM FACTORY TO BARKA,Oman Factory WH,Oman Factory Production,ALABSI AND PARTNERS TRADING,Barka WH,Barka,ALABSI AND PARTNERS TRADING,ALABSI AND PARTNERS TRADING
OMAN,Oman Factory ProductionChocolala Al Araimi,Oman Factory Production,1686,1686 Oman Factory Production TO Al Araimi,Oman Factory WH,Oman Factory Production,ALABSI AND PARTNERS TRADING,Al Araimi WH,Chocolala Al Araimi,ALABSI AND PARTNERS TRADING,ALABSI AND PARTNERS TRADING
OMAN,Oman Factory ProductionChocolala Al Azaiba,Oman Factory Production,1687,1687 Oman Factory Production TO Al Azaiba,Oman Factory WH,Oman Factory Production,ALABSI AND PARTNERS TRADING,Chocolala Al Azaiba WH,Chocolala Al Azaiba,ALABSI AND PARTNERS TRADING,ALABSI AND PARTNERS TRADING
OMAN,Oman Factory ProductionChocolala Al Khoud,Oman Factory Production,1688,1688 Oman Factory Production TO Al Khoud,Oman Factory WH,Oman Factory Production,ALABSI AND PARTNERS TRADING,Chocolala Al Khoud WH,Chocolala Al Khoud,ALABSI AND PARTNERS TRADING,ALABSI AND PARTNERS TRADING
OMAN,Oman Factory ProductionChocolala Al Khoud,Oman Factory Production,1697,1697 OM-FACTORY TO AL KHOUD,Oman Factory WH,Oman Factory Production,ALABSI AND PARTNERS TRADING,Chocolala Al Khoud WH,Chocolala Al Khoud,ALABSI AND PARTNERS TRADING,ALABSI AND PARTNERS TRADING
OMAN,Oman Factory ProductionChocolala Al Saadah City Mall  Salalah,Oman Factory Production,1690,1690 Oman Factory Production TO Chocolala Al Saadah City Mal,Oman Factory WH,Oman Factory Production,ALABSI AND PARTNERS TRADING,Chocolala Al Saadah City Mall Salalah WH,Chocolala Al Saadah City Mall  Salalah,ALABSI AND PARTNERS TRADING,ALABSI AND PARTNERS TRADING
OMAN,Oman Factory ProductionChocolala Grand Mall Salalah,Oman Factory Production,1691,1691 Oman Factory Production TO Chocolala Grand Mall Salalah,Oman Factory WH,Oman Factory Production,ALABSI AND PARTNERS TRADING,Chocolala Grand Mall Salalah WH,Chocolala Grand Mall Salalah,ALABSI AND PARTNERS TRADING,ALABSI AND PARTNERS TRADING
OMAN,Oman Factory ProductionChocolala Mall of Oman,Oman Factory Production,1698,1698 OM FACTORY TO MALL OF OMAN,Oman Factory WH,Oman Factory Production,ALABSI AND PARTNERS TRADING,Chocolala Mall of Oman WH,Chocolala Mall of Oman,ALABSI AND PARTNERS TRADING,ALABSI AND PARTNERS TRADING
OMAN,Oman Factory ProductionChocolala Qurum City Center,Oman Factory Production,1692,1692 Oman Factory Production TO Chocolala Qurum City Center,Oman Factory WH,Oman Factory Production,ALABSI AND PARTNERS TRADING,Chocolala Qurum City Center WH,Chocolala Qurum City Center,Chocolala LLC 643223,ALABSI AND PARTNERS TRADING
OMAN,Oman Factory ProductionChocolala Seeb City Center,Oman Factory Production,1693,1693 Oman Factory Production TO Chocolala Seeb City Center,Oman Factory WH,Oman Factory Production,ALABSI AND PARTNERS TRADING,Chocolala Seeb City Center WH,Chocolala Seeb City Center,Chocolala LLC 643223,ALABSI AND PARTNERS TRADING
OMAN,Oman Factory ProductionChocolala Sohar 2,Oman Factory Production,1699,1699 OM FACTORY TO SOHAR 2,Oman Factory WH,Oman Factory Production,ALABSI AND PARTNERS TRADING,Chocolala Sohar 2 WH,Chocolala Sohar 2,Chocolala LLC 643223,ALABSI AND PARTNERS TRADING
OMAN,Oman Factory ProductionChocolala Sohar City Center,Oman Factory Production,1700,1700 OM PRODUCTION TO SOHAR-1,Oman Factory WH,Oman Factory Production,ALABSI AND PARTNERS TRADING,Chocolala Sohar City Center WH,Chocolala Sohar City Center,Chocolala LLC 643223,ALABSI AND PARTNERS TRADING
OMAN,Oman Factory ProductionChocolala Sur Oman,Oman Factory Production,1694,1694 Oman Factory Production TO Chocolala Sur Oman,Oman Factory WH,Oman Factory Production,ALABSI AND PARTNERS TRADING,Chocolala Sur Oman WH,Chocolala Sur Oman,Chocolala LLC 643223,ALABSI AND PARTNERS TRADING
OMAN,Oman Factory ProductionMall Of Muscat,Oman Factory Production,1695,1695 Oman Factory Production TO Mall Of Muscat,Oman Factory WH,Oman Factory Production,ALABSI AND PARTNERS TRADING,Mall Of Muscat WH,Mall Of Muscat,Chocolala LLC 643223,ALABSI AND PARTNERS TRADING
BAHRAIN,AL ASEEFBahrain City Center,AL ASEEF,1035,1035 AL ASEEF TO Bahrain City Center,AI ASEEF WH,AL ASEEF,CHOCOLALA - FOREIGN BRANCH COMPANY,Bahrain City Center WH,Bahrain City Center,CHOCOLALA FACTORY LLC (ONE PERSON),CHOCOLALA - FOREIGN BRANCH COMPANY
BAHRAIN,AL ASEEFBusaiteen,AL ASEEF,1036,1036 AL ASEEF TO Busaiteen,AI ASEEF WH,AL ASEEF,CHOCOLALA - FOREIGN BRANCH COMPANY,Busaiteen WH,Busaiteen,CHOCOLALA FACTORY LLC (ONE PERSON),CHOCOLALA - FOREIGN BRANCH COMPANY
BAHRAIN,AL ASEEFDistrict 1,AL ASEEF,1037,1037 AL ASEEF TO District 1,AI ASEEF WH,AL ASEEF,CHOCOLALA - FOREIGN BRANCH COMPANY,District WH,District 1,CHOCOLALA FACTORY LLC (ONE PERSON),CHOCOLALA - FOREIGN BRANCH COMPANY
BAHRAIN,AL ASEEFJanebia Hamad Town,AL ASEEF,1038,1038 AL ASEEF TO Janebia Hamad Town,AI ASEEF WH,AL ASEEF,CHOCOLALA - FOREIGN BRANCH COMPANY,Janebia Hamad Town HW,Janebia Hamad Town,CHOCOLALA FACTORY LLC (ONE PERSON),CHOCOLALA - FOREIGN BRANCH COMPANY
BAHRAIN,AL ASEEFVilla Bahrain/Riffa,AL ASEEF,1039,1039 AL ASEEF TO Villa Bahrain/Riffa,AI ASEEF WH,AL ASEEF,CHOCOLALA - FOREIGN BRANCH COMPANY,Villa Bahrain/Riffa WH,Villa Bahrain/Riffa,CHOCOLALA FACTORY LLC (ONE PERSON),CHOCOLALA - FOREIGN BRANCH COMPANY
BAHRAIN,Bahrain City CenterAL ASEEF,Bahrain City Center,1069,1069 Bahrain City Center TO AL ASEEF,Bahrain City Center WH,Bahrain City Center,CHOCOLALA - FOREIGN BRANCH COMPANY,AI ASEEF WH,AL ASEEF,CHOCOLALA FACTORY LLC (ONE PERSON),CHOCOLALA - FOREIGN BRANCH COMPANY
BAHRAIN,Bahrain City CenterBusaiteen,Bahrain City Center,1070,1070 Bahrain City Center TO Busaiteen,Bahrain City Center WH,Bahrain City Center,CHOCOLALA - FOREIGN BRANCH COMPANY,Busaiteen WH,Busaiteen,CHOCOLALA - FOREIGN BRANCH COMPANY,CHOCOLALA - FOREIGN BRANCH COMPANY
BAHRAIN,Bahrain City CenterDistrict 1,Bahrain City Center,1071,1071 Bahrain City Center TO District 1,Bahrain City Center WH,Bahrain City Center,CHOCOLALA - FOREIGN BRANCH COMPANY,District WH,District 1,CHOCOLALA - FOREIGN BRANCH COMPANY,CHOCOLALA - FOREIGN BRANCH COMPANY
BAHRAIN,Bahrain City CenterJanebia Hamad Town,Bahrain City Center,1072,1072 Bahrain City Center TO Janebia Hamad Town,Bahrain City Center WH,Bahrain City Center,CHOCOLALA - FOREIGN BRANCH COMPANY,Janebia Hamad Town HW,Janebia Hamad Town,CHOCOLALA - FOREIGN BRANCH COMPANY,CHOCOLALA - FOREIGN BRANCH COMPANY
BAHRAIN,Bahrain City CenterVilla Bahrain/Riffa,Bahrain City Center,1073,1073 Bahrain City Center TO Villa Bahrain/Riffa,Bahrain City Center WH,Bahrain City Center,CHOCOLALA - FOREIGN BRANCH COMPANY,Villa Bahrain/Riffa WH,Villa Bahrain/Riffa,CHOCOLALA - FOREIGN BRANCH COMPANY,CHOCOLALA - FOREIGN BRANCH COMPANY
BAHRAIN,BusaiteenAL ASEEF,Busaiteen,1103,1103 Busaiteen TO AL ASEEF,Busaiteen WH,Busaiteen,CHOCOLALA - FOREIGN BRANCH COMPANY,AI ASEEF WH,AL ASEEF,CHOCOLALA - FOREIGN BRANCH COMPANY,CHOCOLALA - FOREIGN BRANCH COMPANY
BAHRAIN,BusaiteenBahrain City Center,Busaiteen,1104,1104 Busaiteen TO Bahrain City Center,Busaiteen WH,Busaiteen,CHOCOLALA - FOREIGN BRANCH COMPANY,Bahrain City Center WH,Bahrain City Center,ALABSI AND PARTNERS TRADING,CHOCOLALA - FOREIGN BRANCH COMPANY
BAHRAIN,BusaiteenDistrict 1,Busaiteen,1105,1105 Busaiteen TO District 1,Busaiteen WH,Busaiteen,CHOCOLALA - FOREIGN BRANCH COMPANY,District WH,District 1,ALABSI AND PARTNERS TRADING,CHOCOLALA - FOREIGN BRANCH COMPANY
BAHRAIN,BusaiteenJanebia Hamad Town,Busaiteen,1106,1106 Busaiteen TO Janebia Hamad Town,Busaiteen WH,Busaiteen,CHOCOLALA - FOREIGN BRANCH COMPANY,Janebia Hamad Town HW,Janebia Hamad Town,ALABSI AND PARTNERS TRADING,CHOCOLALA - FOREIGN BRANCH COMPANY
BAHRAIN,BusaiteenVilla Bahrain/Riffa,Busaiteen,1107,1107 Busaiteen TO Villa Bahrain/Riffa,Busaiteen WH,Busaiteen,CHOCOLALA - FOREIGN BRANCH COMPANY,Villa Bahrain/Riffa WH,Villa Bahrain/Riffa,ALABSI AND PARTNERS TRADING,CHOCOLALA - FOREIGN BRANCH COMPANY
BAHRAIN,District 1AL ASEEF,District 1,1568,1568 District 1 TO AL ASEEF,District WH,District 1,CHOCOLALA - FOREIGN BRANCH COMPANY,AI ASEEF WH,AL ASEEF,ALABSI AND PARTNERS TRADING,CHOCOLALA - FOREIGN BRANCH COMPANY
BAHRAIN,District 1Bahrain City Center,District 1,1569,1569 District 1 TO Bahrain City Center,District WH,District 1,CHOCOLALA - FOREIGN BRANCH COMPANY,Bahrain City Center WH,Bahrain City Center,ALABSI AND PARTNERS TRADING,CHOCOLALA - FOREIGN BRANCH COMPANY
BAHRAIN,District 1Busaiteen,District 1,1570,1570 District 1 TO Busaiteen,District WH,District 1,CHOCOLALA - FOREIGN BRANCH COMPANY,Busaiteen WH,Busaiteen,ALABSI AND PARTNERS TRADING,CHOCOLALA - FOREIGN BRANCH COMPANY
BAHRAIN,District 1Janebia Hamad Town,District 1,1571,1571 District 1 TO Janebia Hamad Town,District WH,District 1,CHOCOLALA - FOREIGN BRANCH COMPANY,Janebia Hamad Town HW,Janebia Hamad Town,ALABSI AND PARTNERS TRADING,CHOCOLALA - FOREIGN BRANCH COMPANY
BAHRAIN,District 1Villa Bahrain/Riffa,District 1,1572,1572 District 1 TO Villa Bahrain/Riffa,District WH,District 1,CHOCOLALA - FOREIGN BRANCH COMPANY,Villa Bahrain/Riffa WH,Villa Bahrain/Riffa,ALABSI AND PARTNERS TRADING,CHOCOLALA - FOREIGN BRANCH COMPANY
BAHRAIN,Janebia Hamad TownAL ASEEF,Janebia Hamad Town,1630,1630 Janebia Hamad Town TO AL ASEEF,Janebia Hamad Town HW,Janebia Hamad Town,CHOCOLALA - FOREIGN BRANCH COMPANY,AI ASEEF WH,AL ASEEF,ALABSI AND PARTNERS TRADING,CHOCOLALA - FOREIGN BRANCH COMPANY
BAHRAIN,Janebia Hamad TownBahrain City Center,Janebia Hamad Town,1631,1631 Janebia Hamad Town TO Bahrain City Center,Janebia Hamad Town HW,Janebia Hamad Town,CHOCOLALA - FOREIGN BRANCH COMPANY,Bahrain City Center WH,Bahrain City Center,ALABSI AND PARTNERS TRADING,CHOCOLALA - FOREIGN BRANCH COMPANY
BAHRAIN,Janebia Hamad TownBusaiteen,Janebia Hamad Town,1632,1632 Janebia Hamad Town TO Busaiteen,Janebia Hamad Town HW,Janebia Hamad Town,CHOCOLALA - FOREIGN BRANCH COMPANY,Busaiteen WH,Busaiteen,ALABSI AND PARTNERS TRADING,CHOCOLALA - FOREIGN BRANCH COMPANY
BAHRAIN,Janebia Hamad TownDistrict 1,Janebia Hamad Town,1633,1633 Janebia Hamad Town TO District 1,Janebia Hamad Town HW,Janebia Hamad Town,CHOCOLALA - FOREIGN BRANCH COMPANY,District WH,District 1,ALABSI AND PARTNERS TRADING,CHOCOLALA - FOREIGN BRANCH COMPANY
BAHRAIN,Janebia Hamad TownVilla Bahrain/Riffa,Janebia Hamad Town,1634,1634 Janebia Hamad Town TO Villa Bahrain/Riffa,Janebia Hamad Town HW,Janebia Hamad Town,CHOCOLALA - FOREIGN BRANCH COMPANY,Villa Bahrain/Riffa WH,Villa Bahrain/Riffa,ALABSI AND PARTNERS TRADING,CHOCOLALA - FOREIGN BRANCH COMPANY
BAHRAIN,Villa Bahrain/RiffaAL ASEEF,Villa Bahrain/Riffa,1873,1873 Villa Bahrain/Riffa TO AL ASEEF,Villa Bahrain/Riffa WH,Villa Bahrain/Riffa,CHOCOLALA - FOREIGN BRANCH COMPANY,AI ASEEF WH,AL ASEEF,ALABSI AND PARTNERS TRADING,CHOCOLALA - FOREIGN BRANCH COMPANY
BAHRAIN,Villa Bahrain/RiffaBahrain City Center,Villa Bahrain/Riffa,1874,1874 Villa Bahrain/Riffa TO Bahrain City Center,Villa Bahrain/Riffa WH,Villa Bahrain/Riffa,CHOCOLALA - FOREIGN BRANCH COMPANY,Bahrain City Center WH,Bahrain City Center,CHOCOLALA - FOREIGN BRANCH COMPANY,CHOCOLALA - FOREIGN BRANCH COMPANY
BAHRAIN,Villa Bahrain/RiffaBusaiteen,Villa Bahrain/Riffa,1875,1875 Villa Bahrain/Riffa TO Busaiteen,Villa Bahrain/Riffa WH,Villa Bahrain/Riffa,CHOCOLALA - FOREIGN BRANCH COMPANY,Busaiteen WH,Busaiteen,CHOCOLALA - FOREIGN BRANCH COMPANY,CHOCOLALA - FOREIGN BRANCH COMPANY
BAHRAIN,Villa Bahrain/RiffaDistrict 1,Villa Bahrain/Riffa,1876,1876 Villa Bahrain/Riffa TO District 1,Villa Bahrain/Riffa WH,Villa Bahrain/Riffa,CHOCOLALA - FOREIGN BRANCH COMPANY,District WH,District 1,CHOCOLALA - FOREIGN BRANCH COMPANY,CHOCOLALA - FOREIGN BRANCH COMPANY
BAHRAIN,Villa Bahrain/RiffaJanebia Hamad Town,Villa Bahrain/Riffa,1877,1877 Villa Bahrain/Riffa TO Janebia Hamad Town,Villa Bahrain/Riffa WH,Villa Bahrain/Riffa,CHOCOLALA - FOREIGN BRANCH COMPANY,Janebia Hamad Town HW,Janebia Hamad Town,CHOCOLALA - FOREIGN BRANCH COMPANY,CHOCOLALA - FOREIGN BRANCH COMPANY
